2026-09-23T06:16:56Z	subs[4|1]	payments[failed|1;pending|1]	invoices[5|0|1]	rows[weknora-t02-3dc51207-a13d-4ef7-a449-1a148a285e09-sub-a|4]
2026-09-23T06:16:59Z	subs[4|1]	payments[failed|1;pending|1]	invoices[5|0|1]	rows[weknora-t02-3dc51207-a13d-4ef7-a449-1a148a285e09-sub-a|4]
2026-09-23T06:17:01Z	subs[4|1]	payments[failed|1;pending|1]	invoices[5|0|1]	rows[weknora-t02-3dc51207-a13d-4ef7-a449-1a148a285e09-sub-a|4]
2026-09-23T06:17:04Z	subs[4|1]	payments[failed|1;pending|1]	invoices[5|0|1]	rows[weknora-t02-3dc51207-a13d-4ef7-a449-1a148a285e09-sub-a|4]
2026-09-23T06:17:06Z	subs[4|1]	payments[failed|1;pending|1]	invoices[5|0|1]	rows[weknora-t02-3dc51207-a13d-4ef7-a449-1a148a285e09-sub-a|4]
2026-09-23T06:17:08Z	subs[4|1]	payments[failed|1;pending|1]	invoices[5|0|1]	rows[weknora-t02-3dc51207-a13d-4ef7-a449-1a148a285e09-sub-a|4]
2026-09-23T06:17:11Z	subs[4|1]	payments[failed|1;pending|1]	invoices[5|0|1]	rows[weknora-t02-3dc51207-a13d-4ef7-a449-1a148a285e09-sub-a|4]
2026-09-23T06:17:13Z	subs[4|1]	payments[failed|1;pending|1]	invoices[5|0|1]	rows[weknora-t02-3dc51207-a13d-4ef7-a449-1a148a285e09-sub-a|4]
2026-09-23T06:17:16Z	subs[4|1]	payments[failed|1;requires_action|1]	invoices[5|0|1]	rows[weknora-t02-3dc51207-a13d-4ef7-a449-1a148a285e09-sub-a|4]
2026-09-23T06:17:18Z	subs[4|1]	payments[failed|1;requires_action|1]	invoices[5|0|1]	rows[weknora-t02-3dc51207-a13d-4ef7-a449-1a148a285e09-sub-a|4]
2026-09-23T06:17:21Z	subs[4|1]	payments[failed|1;requires_action|1]	invoices[5|0|1]	rows[weknora-t02-3dc51207-a13d-4ef7-a449-1a148a285e09-sub-a|4]
2026-09-23T06:17:23Z	subs[4|1]	payments[failed|1;requires_action|1]	invoices[5|0|1]	rows[weknora-t02-3dc51207-a13d-4ef7-a449-1a148a285e09-sub-a|4]
2026-09-23T06:17:25Z	subs[4|1]	payments[failed|1;requires_action|1]	invoices[5|0|1]	rows[weknora-t02-3dc51207-a13d-4ef7-a449-1a148a285e09-sub-a|4]
2026-09-23T06:17:28Z	subs[4|1]	payments[failed|1;requires_action|1]	invoices[5|0|1]	rows[weknora-t02-3dc51207-a13d-4ef7-a449-1a148a285e09-sub-a|4]
2026-09-23T06:17:30Z	subs[4|1]	payments[failed|1;requires_action|1]	invoices[5|0|1]	rows[weknora-t02-3dc51207-a13d-4ef7-a449-1a148a285e09-sub-a|4]
2026-09-23T06:17:33Z	subs[4|1]	payments[failed|1;requires_action|1]	invoices[5|0|1]	rows[weknora-t02-3dc51207-a13d-4ef7-a449-1a148a285e09-sub-a|4]
2026-09-23T06:17:35Z	subs[4|1]	payments[failed|1;requires_action|1]	invoices[5|0|1]	rows[weknora-t02-3dc51207-a13d-4ef7-a449-1a148a285e09-sub-a|4]
2026-09-23T06:17:37Z	subs[4|1]	payments[failed|1;requires_action|1]	invoices[5|0|1]	rows[weknora-t02-3dc51207-a13d-4ef7-a449-1a148a285e09-sub-a|4]
2026-09-23T06:17:40Z	subs[4|1]	payments[failed|1;requires_action|1]	invoices[5|0|1]	rows[weknora-t02-3dc51207-a13d-4ef7-a449-1a148a285e09-sub-a|4]
2026-09-23T06:17:42Z	subs[4|1]	payments[failed|1;requires_action|1]	invoices[5|0|1]	rows[weknora-t02-3dc51207-a13d-4ef7-a449-1a148a285e09-sub-a|4]
2026-09-23T06:17:45Z	subs[4|1]	payments[failed|1;requires_action|1]	invoices[5|0|1]	rows[weknora-t02-3dc51207-a13d-4ef7-a449-1a148a285e09-sub-a|4]
2026-09-23T06:17:47Z	subs[4|1]	payments[failed|1;requires_action|1]	invoices[5|0|1]	rows[weknora-t02-3dc51207-a13d-4ef7-a449-1a148a285e09-sub-a|4]
2026-09-23T06:17:49Z	subs[4|1]	payments[failed|1;requires_action|1]	invoices[5|0|1]	rows[weknora-t02-3dc51207-a13d-4ef7-a449-1a148a285e09-sub-a|4]
2026-09-23T06:17:52Z	subs[4|1]	payments[failed|1;requires_action|1]	invoices[5|0|1]	rows[weknora-t02-3dc51207-a13d-4ef7-a449-1a148a285e09-sub-a|4]
2026-09-23T06:17:54Z	subs[4|1]	payments[failed|1;requires_action|1]	invoices[5|0|1]	rows[weknora-t02-3dc51207-a13d-4ef7-a449-1a148a285e09-sub-a|4]
2026-09-23T06:17:57Z	subs[4|1]	payments[failed|1;requires_action|1]	invoices[5|0|1]	rows[weknora-t02-3dc51207-a13d-4ef7-a449-1a148a285e09-sub-a|4]
2026-09-23T06:18:00Z	subs[4|1]	payments[failed|1;requires_action|1]	invoices[5|0|1]	rows[weknora-t02-3dc51207-a13d-4ef7-a449-1a148a285e09-sub-a|4]
2026-09-23T06:18:03Z	subs[4|1]	payments[failed|1;requires_action|1]	invoices[5|0|1]	rows[weknora-t02-3dc51207-a13d-4ef7-a449-1a148a285e09-sub-a|4]
2026-09-23T06:18:05Z	subs[4|1]	payments[failed|1;requires_action|1]	invoices[5|0|1]	rows[weknora-t02-3dc51207-a13d-4ef7-a449-1a148a285e09-sub-a|4]
2026-09-23T06:18:07Z	subs[4|1]	payments[failed|1;requires_action|1]	invoices[5|0|1]	rows[weknora-t02-3dc51207-a13d-4ef7-a449-1a148a285e09-sub-a|4]
2026-09-23T06:18:10Z	subs[4|1]	payments[failed|1;requires_action|1]	invoices[5|0|1]	rows[weknora-t02-3dc51207-a13d-4ef7-a449-1a148a285e09-sub-a|4]
2026-09-23T06:18:12Z	subs[4|1]	payments[failed|1;requires_action|1]	invoices[5|0|1]	rows[weknora-t02-3dc51207-a13d-4ef7-a449-1a148a285e09-sub-a|4]
2026-09-23T06:18:15Z	subs[4|1]	payments[failed|1;requires_action|1]	invoices[5|0|1]	rows[weknora-t02-3dc51207-a13d-4ef7-a449-1a148a285e09-sub-a|4]
2026-09-23T06:18:17Z	subs[4|1]	payments[failed|1;requires_action|1]	invoices[5|0|1]	rows[weknora-t02-3dc51207-a13d-4ef7-a449-1a148a285e09-sub-a|4]
2026-09-23T06:18:20Z	subs[4|1]	payments[failed|1;requires_action|1]	invoices[5|0|1]	rows[weknora-t02-3dc51207-a13d-4ef7-a449-1a148a285e09-sub-a|4]
2026-09-23T06:18:24Z	subs[4|1]	payments[failed|1;requires_action|1]	invoices[5|0|1]	rows[weknora-t02-3dc51207-a13d-4ef7-a449-1a148a285e09-sub-a|4]
2026-09-23T06:18:26Z	subs[4|1]	payments[failed|1;requires_action|1]	invoices[5|0|1]	rows[weknora-t02-3dc51207-a13d-4ef7-a449-1a148a285e09-sub-a|4]
2026-09-23T06:18:29Z	subs[4|1]	payments[failed|1;requires_action|1]	invoices[5|0|1]	rows[weknora-t02-3dc51207-a13d-4ef7-a449-1a148a285e09-sub-a|4]
2026-09-23T06:18:31Z	subs[4|1]	payments[failed|1;requires_action|1]	invoices[5|0|1]	rows[weknora-t02-3dc51207-a13d-4ef7-a449-1a148a285e09-sub-a|4]
2026-09-23T06:18:34Z	subs[4|1]	payments[failed|1;requires_action|1]	invoices[5|0|1]	rows[weknora-t02-3dc51207-a13d-4ef7-a449-1a148a285e09-sub-a|4]
2026-09-23T06:18:36Z	subs[4|1]	payments[failed|1;requires_action|1]	invoices[5|0|1]	rows[weknora-t02-3dc51207-a13d-4ef7-a449-1a148a285e09-sub-a|4]
2026-09-23T06:18:39Z	subs[4|1]	payments[failed|1;requires_action|1]	invoices[5|0|1]	rows[weknora-t02-3dc51207-a13d-4ef7-a449-1a148a285e09-sub-a|4]
2026-09-23T06:18:41Z	subs[4|1]	payments[failed|1;requires_action|1]	invoices[5|0|1]	rows[weknora-t02-3dc51207-a13d-4ef7-a449-1a148a285e09-sub-a|4]
2026-09-23T06:18:47Z	subs[4|1]	payments[failed|1;requires_action|1]	invoices[5|0|1]	rows[weknora-t02-3dc51207-a13d-4ef7-a449-1a148a285e09-sub-a|4]
2026-09-23T06:18:53Z	subs[4|1]	payments[failed|1;requires_action|1]	invoices[5|0|1]	rows[weknora-t02-3dc51207-a13d-4ef7-a449-1a148a285e09-sub-a|4]
2026-09-23T06:19:01Z	subs[4|1]	payments[failed|1;requires_action|1]	invoices[5|0|1]	rows[weknora-t02-3dc51207-a13d-4ef7-a449-1a148a285e09-sub-a|4]
2026-09-23T06:19:06Z	subs[4|1]	payments[failed|1;requires_action|1]	invoices[5|0|1]	rows[weknora-t02-3dc51207-a13d-4ef7-a449-1a148a285e09-sub-a|4]
2026-09-23T06:19:09Z	subs[4|1]	payments[failed|1;requires_action|1]	invoices[5|0|1]	rows[weknora-t02-3dc51207-a13d-4ef7-a449-1a148a285e09-sub-a|4]
2026-09-23T06:19:16Z	subs[4|1]	payments[failed|1;requires_action|1]	invoices[5|0|1]	rows[weknora-t02-3dc51207-a13d-4ef7-a449-1a148a285e09-sub-a|4]
2026-09-23T06:19:22Z	subs[4|1]	payments[failed|1;requires_action|1]	invoices[5|0|1]	rows[weknora-t02-3dc51207-a13d-4ef7-a449-1a148a285e09-sub-a|4]
2026-09-23T06:19:26Z	subs[4|1]	payments[failed|1;requires_action|1]	invoices[5|0|1]	rows[weknora-t02-3dc51207-a13d-4ef7-a449-1a148a285e09-sub-a|4]
2026-09-23T06:19:30Z	subs[4|1]	payments[failed|1;requires_action|1]	invoices[5|0|1]	rows[weknora-t02-3dc51207-a13d-4ef7-a449-1a148a285e09-sub-a|4]
2026-09-23T06:19:34Z	subs[4|1]	payments[failed|1;requires_action|1]	invoices[5|0|1]	rows[weknora-t02-3dc51207-a13d-4ef7-a449-1a148a285e09-sub-a|4]
2026-09-23T06:19:37Z	subs[4|1]	payments[failed|1;requires_action|1]	invoices[5|0|1]	rows[weknora-t02-3dc51207-a13d-4ef7-a449-1a148a285e09-sub-a|4]
2026-09-23T06:19:40Z	subs[4|1]	payments[failed|1;requires_action|1]	invoices[5|0|1]	rows[weknora-t02-3dc51207-a13d-4ef7-a449-1a148a285e09-sub-a|4]
2026-09-23T06:19:43Z	subs[4|1]	payments[failed|1;requires_action|1]	invoices[5|0|1]	rows[weknora-t02-3dc51207-a13d-4ef7-a449-1a148a285e09-sub-a|4]
2026-09-23T06:19:45Z	subs[4|1]	payments[failed|1;requires_action|1]	invoices[5|0|1]	rows[weknora-t02-3dc51207-a13d-4ef7-a449-1a148a285e09-sub-a|4]
2026-09-23T06:19:48Z	subs[4|1]	payments[failed|1;requires_action|1]	invoices[5|0|1]	rows[weknora-t02-3dc51207-a13d-4ef7-a449-1a148a285e09-sub-a|4]
2026-09-23T06:19:51Z	subs[4|1]	payments[failed|1;requires_action|1]	invoices[5|0|1]	rows[weknora-t02-3dc51207-a13d-4ef7-a449-1a148a285e09-sub-a|4]
2026-09-23T06:19:56Z	subs[4|1]	payments[failed|1;requires_action|1]	invoices[5|0|1]	rows[weknora-t02-3dc51207-a13d-4ef7-a449-1a148a285e09-sub-a|4]
2026-09-23T06:19:59Z	subs[4|1]	payments[failed|1;requires_action|1]	invoices[5|0|1]	rows[weknora-t02-3dc51207-a13d-4ef7-a449-1a148a285e09-sub-a|4]
2026-09-23T06:20:03Z	subs[4|1]	payments[failed|1;requires_action|1]	invoices[5|0|1]	rows[weknora-t02-3dc51207-a13d-4ef7-a449-1a148a285e09-sub-a|4]
2026-09-23T06:20:06Z	subs[4|1]	payments[failed|1;requires_action|1]	invoices[5|0|1]	rows[weknora-t02-3dc51207-a13d-4ef7-a449-1a148a285e09-sub-a|4]
2026-09-23T06:20:09Z	subs[4|1]	payments[failed|1;requires_action|1]	invoices[5|0|1]	rows[weknora-t02-3dc51207-a13d-4ef7-a449-1a148a285e09-sub-a|4]
2026-09-23T06:20:11Z	subs[4|1]	payments[failed|1;requires_action|1]	invoices[5|0|1]	rows[weknora-t02-3dc51207-a13d-4ef7-a449-1a148a285e09-sub-a|4]
2026-09-23T06:20:14Z	subs[4|1]	payments[failed|1;requires_action|1]	invoices[5|0|1]	rows[weknora-t02-3dc51207-a13d-4ef7-a449-1a148a285e09-sub-a|4]
2026-09-23T06:20:16Z	subs[4|1]	payments[failed|1;requires_action|1]	invoices[5|0|1]	rows[weknora-t02-3dc51207-a13d-4ef7-a449-1a148a285e09-sub-a|4]
2026-09-23T06:20:18Z	subs[4|1]	payments[failed|1;requires_action|1]	invoices[5|0|1]	rows[weknora-t02-3dc51207-a13d-4ef7-a449-1a148a285e09-sub-a|4]
2026-09-23T06:20:21Z	subs[4|1]	payments[failed|1;requires_action|1]	invoices[5|0|1]	rows[weknora-t02-3dc51207-a13d-4ef7-a449-1a148a285e09-sub-a|4]
2026-09-23T06:20:23Z	subs[4|1]	payments[failed|1;requires_action|1]	invoices[5|0|1]	rows[weknora-t02-3dc51207-a13d-4ef7-a449-1a148a285e09-sub-a|4]
2026-09-23T06:20:26Z	subs[4|1]	payments[failed|1;requires_action|1]	invoices[5|0|1]	rows[weknora-t02-3dc51207-a13d-4ef7-a449-1a148a285e09-sub-a|4]
2026-09-23T06:20:28Z	subs[4|1]	payments[failed|1;requires_action|1]	invoices[5|0|1]	rows[weknora-t02-3dc51207-a13d-4ef7-a449-1a148a285e09-sub-a|4]
2026-09-23T06:20:31Z	subs[4|1]	payments[failed|1;requires_action|1]	invoices[5|0|1]	rows[weknora-t02-3dc51207-a13d-4ef7-a449-1a148a285e09-sub-a|4]
2026-09-23T06:20:33Z	subs[4|1]	payments[failed|1;requires_action|1]	invoices[5|0|1]	rows[weknora-t02-3dc51207-a13d-4ef7-a449-1a148a285e09-sub-a|4]
2026-09-23T06:20:35Z	subs[4|1]	payments[failed|1;requires_action|1]	invoices[5|0|1]	rows[weknora-t02-3dc51207-a13d-4ef7-a449-1a148a285e09-sub-a|4]
2026-09-23T06:20:38Z	subs[4|1]	payments[failed|1;requires_action|1]	invoices[5|0|1]	rows[weknora-t02-3dc51207-a13d-4ef7-a449-1a148a285e09-sub-a|4]
2026-09-23T06:20:40Z	subs[4|1]	payments[failed|1;requires_action|1]	invoices[5|0|1]	rows[weknora-t02-3dc51207-a13d-4ef7-a449-1a148a285e09-sub-a|4]
2026-09-23T06:20:42Z	subs[4|1]	payments[failed|1;requires_action|1]	invoices[5|0|1]	rows[weknora-t02-3dc51207-a13d-4ef7-a449-1a148a285e09-sub-a|4]
2026-09-23T06:20:45Z	subs[4|1]	payments[failed|1;requires_action|1]	invoices[5|0|1]	rows[weknora-t02-3dc51207-a13d-4ef7-a449-1a148a285e09-sub-a|4]
2026-09-23T06:20:47Z	subs[4|1]	payments[failed|1;requires_action|1]	invoices[5|0|1]	rows[weknora-t02-3dc51207-a13d-4ef7-a449-1a148a285e09-sub-a|4]
2026-09-23T06:20:49Z	subs[4|1]	payments[failed|1;requires_action|1]	invoices[5|0|1]	rows[weknora-t02-3dc51207-a13d-4ef7-a449-1a148a285e09-sub-a|4]
2026-09-23T06:20:52Z	subs[4|1]	payments[failed|1;requires_action|1]	invoices[5|0|1]	rows[weknora-t02-3dc51207-a13d-4ef7-a449-1a148a285e09-sub-a|4]
2026-09-23T06:20:54Z	subs[4|1]	payments[failed|1;requires_action|1]	invoices[5|0|1]	rows[weknora-t02-3dc51207-a13d-4ef7-a449-1a148a285e09-sub-a|4]
2026-09-23T06:20:57Z	subs[4|1]	payments[failed|1;requires_action|1]	invoices[5|0|1]	rows[weknora-t02-3dc51207-a13d-4ef7-a449-1a148a285e09-sub-a|4]
2026-09-23T06:20:59Z	subs[4|1]	payments[failed|1;requires_action|1]	invoices[5|0|1]	rows[weknora-t02-3dc51207-a13d-4ef7-a449-1a148a285e09-sub-a|4]
2026-09-23T06:21:03Z	subs[4|1]	payments[failed|1;requires_action|1]	invoices[5|0|1]	rows[weknora-t02-3dc51207-a13d-4ef7-a449-1a148a285e09-sub-a|4]
2026-09-23T06:21:05Z	subs[4|1]	payments[failed|1;requires_action|1]	invoices[5|0|1]	rows[weknora-t02-3dc51207-a13d-4ef7-a449-1a148a285e09-sub-a|4]
2026-09-23T06:21:07Z	subs[4|1]	payments[failed|1;requires_action|1]	invoices[5|0|1]	rows[weknora-t02-3dc51207-a13d-4ef7-a449-1a148a285e09-sub-a|4]
2026-09-23T06:21:10Z	subs[4|1]	payments[failed|1;requires_action|1]	invoices[5|0|1]	rows[weknora-t02-3dc51207-a13d-4ef7-a449-1a148a285e09-sub-a|4]
2026-09-23T06:21:12Z	subs[4|1]	payments[failed|1;requires_action|1]	invoices[5|0|1]	rows[weknora-t02-3dc51207-a13d-4ef7-a449-1a148a285e09-sub-a|4]
2026-09-23T06:21:15Z	subs[4|1]	payments[failed|1;requires_action|1]	invoices[5|0|1]	rows[weknora-t02-3dc51207-a13d-4ef7-a449-1a148a285e09-sub-a|4]
2026-09-23T06:21:17Z	subs[4|1]	payments[failed|1;requires_action|1]	invoices[5|0|1]	rows[weknora-t02-3dc51207-a13d-4ef7-a449-1a148a285e09-sub-a|4]
2026-09-23T06:21:19Z	subs[4|1]	payments[failed|1;requires_action|1]	invoices[5|0|1]	rows[weknora-t02-3dc51207-a13d-4ef7-a449-1a148a285e09-sub-a|4]
2026-09-23T06:21:23Z	subs[4|1]	payments[failed|1;requires_action|1]	invoices[5|0|1]	rows[weknora-t02-3dc51207-a13d-4ef7-a449-1a148a285e09-sub-a|4]
2026-09-23T06:21:25Z	subs[4|1]	payments[failed|1;requires_action|1]	invoices[5|0|1]	rows[weknora-t02-3dc51207-a13d-4ef7-a449-1a148a285e09-sub-a|4]
2026-09-23T06:21:28Z	subs[4|1]	payments[failed|1;requires_action|1]	invoices[5|0|1]	rows[weknora-t02-3dc51207-a13d-4ef7-a449-1a148a285e09-sub-a|4]
2026-09-23T06:21:30Z	subs[4|1]	payments[failed|1;requires_action|1]	invoices[5|0|1]	rows[weknora-t02-3dc51207-a13d-4ef7-a449-1a148a285e09-sub-a|4]
2026-09-23T06:21:32Z	subs[4|1]	payments[failed|1;requires_action|1]	invoices[5|0|1]	rows[weknora-t02-3dc51207-a13d-4ef7-a449-1a148a285e09-sub-a|4]
2026-09-23T06:21:35Z	subs[4|2]	payments[failed|1;pending|1;requires_action|1]	invoices[5|0|2]	rows[weknora-t02-3dc51207-a13d-4ef7-a449-1a148a285e09-sub-a|4;weknora-t02-3dc51207-a13d-4ef7-a449-1a148a285e09-sub-b|4]
2026-09-23T06:21:37Z	subs[4|2]	payments[failed|1;pending|1;requires_action|1]	invoices[5|0|2]	rows[weknora-t02-3dc51207-a13d-4ef7-a449-1a148a285e09-sub-a|4;weknora-t02-3dc51207-a13d-4ef7-a449-1a148a285e09-sub-b|4]
2026-09-23T06:21:40Z	subs[4|2]	payments[failed|1;pending|1;requires_action|1]	invoices[5|0|2]	rows[weknora-t02-3dc51207-a13d-4ef7-a449-1a148a285e09-sub-a|4;weknora-t02-3dc51207-a13d-4ef7-a449-1a148a285e09-sub-b|4]
2026-09-23T06:21:42Z	subs[4|2]	payments[failed|1;pending|1;requires_action|1]	invoices[5|0|2]	rows[weknora-t02-3dc51207-a13d-4ef7-a449-1a148a285e09-sub-a|4;weknora-t02-3dc51207-a13d-4ef7-a449-1a148a285e09-sub-b|4]
2026-09-23T06:21:46Z	subs[4|2]	payments[failed|1;pending|1;requires_action|1]	invoices[5|0|2]	rows[weknora-t02-3dc51207-a13d-4ef7-a449-1a148a285e09-sub-a|4;weknora-t02-3dc51207-a13d-4ef7-a449-1a148a285e09-sub-b|4]
2026-09-23T06:21:48Z	subs[4|2]	payments[failed|1;pending|1;requires_action|1]	invoices[5|0|2]	rows[weknora-t02-3dc51207-a13d-4ef7-a449-1a148a285e09-sub-a|4;weknora-t02-3dc51207-a13d-4ef7-a449-1a148a285e09-sub-b|4]
2026-09-23T06:21:51Z	subs[4|2]	payments[failed|1;pending|1;requires_action|1]	invoices[5|0|2]	rows[weknora-t02-3dc51207-a13d-4ef7-a449-1a148a285e09-sub-a|4;weknora-t02-3dc51207-a13d-4ef7-a449-1a148a285e09-sub-b|4]
2026-09-23T06:21:54Z	subs[4|2]	payments[failed|1;pending|1;requires_action|1]	invoices[5|0|2]	rows[weknora-t02-3dc51207-a13d-4ef7-a449-1a148a285e09-sub-a|4;weknora-t02-3dc51207-a13d-4ef7-a449-1a148a285e09-sub-b|4]
2026-09-23T06:21:59Z	subs[4|2]	payments[failed|1;pending|1;requires_action|1]	invoices[5|0|2]	rows[weknora-t02-3dc51207-a13d-4ef7-a449-1a148a285e09-sub-a|4;weknora-t02-3dc51207-a13d-4ef7-a449-1a148a285e09-sub-b|4]
2026-09-23T06:22:04Z	subs[4|2]	payments[failed|1;pending|1;requires_action|1]	invoices[5|0|2]	rows[weknora-t02-3dc51207-a13d-4ef7-a449-1a148a285e09-sub-a|4;weknora-t02-3dc51207-a13d-4ef7-a449-1a148a285e09-sub-b|4]
2026-09-23T06:22:10Z	subs[4|2]	payments[failed|1;pending|1;requires_action|1]	invoices[5|0|2]	rows[weknora-t02-3dc51207-a13d-4ef7-a449-1a148a285e09-sub-a|4;weknora-t02-3dc51207-a13d-4ef7-a449-1a148a285e09-sub-b|4]
2026-09-23T06:22:13Z	subs[4|2]	payments[failed|1;pending|1;requires_action|1]	invoices[5|0|2]	rows[weknora-t02-3dc51207-a13d-4ef7-a449-1a148a285e09-sub-a|4;weknora-t02-3dc51207-a13d-4ef7-a449-1a148a285e09-sub-b|4]
2026-09-23T06:22:16Z	subs[4|2]	payments[failed|1;requires_action|1;succeeded|1]	invoices[5|0|1;5|1|1]	rows[weknora-t02-3dc51207-a13d-4ef7-a449-1a148a285e09-sub-a|4;weknora-t02-3dc51207-a13d-4ef7-a449-1a148a285e09-sub-b|1]
2026-09-23T06:22:22Z	subs[1|1;4|1]	payments[failed|1;requires_action|1;succeeded|1]	invoices[1|1|1;5|0|1]	rows[weknora-t02-3dc51207-a13d-4ef7-a449-1a148a285e09-sub-a|4;weknora-t02-3dc51207-a13d-4ef7-a449-1a148a285e09-sub-b|1]
2026-09-23T06:22:27Z	subs[1|1;4|1]	payments[failed|1;requires_action|1;succeeded|1]	invoices[1|1|1;5|0|1]	rows[weknora-t02-3dc51207-a13d-4ef7-a449-1a148a285e09-sub-a|4;weknora-t02-3dc51207-a13d-4ef7-a449-1a148a285e09-sub-b|1]
2026-09-23T06:22:32Z	subs[1|1;4|1]	payments[failed|1;requires_action|1;succeeded|1]	invoices[1|1|1;5|0|1]	rows[weknora-t02-3dc51207-a13d-4ef7-a449-1a148a285e09-sub-a|4;weknora-t02-3dc51207-a13d-4ef7-a449-1a148a285e09-sub-b|1]
2026-09-23T06:22:36Z	subs[1|1;4|1]	payments[failed|1;requires_action|1;succeeded|1]	invoices[1|1|1;5|0|1]	rows[weknora-t02-3dc51207-a13d-4ef7-a449-1a148a285e09-sub-a|4;weknora-t02-3dc51207-a13d-4ef7-a449-1a148a285e09-sub-b|1;weknora-t02-3dc51207-a13d-4ef7-a449-1a148a285e09-sub-c|4]
2026-09-23T06:22:39Z	subs[1|1;4|2]	payments[failed|1;pending|1;requires_action|1;succeeded|1]	invoices[1|1|1;5|0|2]	rows[weknora-t02-3dc51207-a13d-4ef7-a449-1a148a285e09-sub-a|4;weknora-t02-3dc51207-a13d-4ef7-a449-1a148a285e09-sub-b|1;weknora-t02-3dc51207-a13d-4ef7-a449-1a148a285e09-sub-c|4]
2026-09-23T06:22:42Z	subs[1|1;4|2]	payments[failed|2;requires_action|1;succeeded|1]	invoices[1|1|1;5|0|2]	rows[weknora-t02-3dc51207-a13d-4ef7-a449-1a148a285e09-sub-a|4;weknora-t02-3dc51207-a13d-4ef7-a449-1a148a285e09-sub-b|1;weknora-t02-3dc51207-a13d-4ef7-a449-1a148a285e09-sub-c|4]
2026-09-23T06:22:47Z	subs[1|1;4|2]	payments[failed|2;requires_action|1;succeeded|1]	invoices[1|1|1;5|0|2]	rows[weknora-t02-3dc51207-a13d-4ef7-a449-1a148a285e09-sub-a|4;weknora-t02-3dc51207-a13d-4ef7-a449-1a148a285e09-sub-b|1;weknora-t02-3dc51207-a13d-4ef7-a449-1a148a285e09-sub-c|4]
2026-09-23T06:22:50Z	subs[1|1;4|2]	payments[failed|2;pending|1;requires_action|1;succeeded|1]	invoices[1|1|1;5|0|2]	rows[weknora-t02-3dc51207-a13d-4ef7-a449-1a148a285e09-sub-a|4;weknora-t02-3dc51207-a13d-4ef7-a449-1a148a285e09-sub-b|1;weknora-t02-3dc51207-a13d-4ef7-a449-1a148a285e09-sub-c|4]
2026-09-23T06:22:52Z	subs[1|1;4|2]	payments[failed|2;pending|1;requires_action|1;succeeded|1]	invoices[1|1|1;5|0|2]	rows[weknora-t02-3dc51207-a13d-4ef7-a449-1a148a285e09-sub-a|4;weknora-t02-3dc51207-a13d-4ef7-a449-1a148a285e09-sub-b|1;weknora-t02-3dc51207-a13d-4ef7-a449-1a148a285e09-sub-c|4]
2026-09-23T06:22:55Z	subs[1|1;4|2]	payments[failed|2;pending|1;requires_action|1;succeeded|1]	invoices[1|1|1;5|0|2]	rows[weknora-t02-3dc51207-a13d-4ef7-a449-1a148a285e09-sub-a|4;weknora-t02-3dc51207-a13d-4ef7-a449-1a148a285e09-sub-b|1;weknora-t02-3dc51207-a13d-4ef7-a449-1a148a285e09-sub-c|4]
2026-09-23T06:22:57Z	subs[1|1;4|2]	payments[failed|2;requires_action|2;succeeded|1]	invoices[1|1|1;5|0|2]	rows[weknora-t02-3dc51207-a13d-4ef7-a449-1a148a285e09-sub-a|4;weknora-t02-3dc51207-a13d-4ef7-a449-1a148a285e09-sub-b|1;weknora-t02-3dc51207-a13d-4ef7-a449-1a148a285e09-sub-c|4]
2026-09-23T06:22:59Z	subs[1|1;4|2]	payments[failed|2;requires_action|2;succeeded|1]	invoices[1|1|1;5|0|2]	rows[weknora-t02-3dc51207-a13d-4ef7-a449-1a148a285e09-sub-a|4;weknora-t02-3dc51207-a13d-4ef7-a449-1a148a285e09-sub-b|1;weknora-t02-3dc51207-a13d-4ef7-a449-1a148a285e09-sub-c|4]
2026-09-23T06:23:02Z	subs[1|1;4|2]	payments[failed|2;requires_action|2;succeeded|1]	invoices[1|1|1;5|0|2]	rows[weknora-t02-3dc51207-a13d-4ef7-a449-1a148a285e09-sub-a|4;weknora-t02-3dc51207-a13d-4ef7-a449-1a148a285e09-sub-b|1;weknora-t02-3dc51207-a13d-4ef7-a449-1a148a285e09-sub-c|4]
2026-09-23T06:23:05Z	subs[1|1;4|2]	payments[failed|2;requires_action|2;succeeded|1]	invoices[1|1|1;5|0|2]	rows[weknora-t02-3dc51207-a13d-4ef7-a449-1a148a285e09-sub-a|4;weknora-t02-3dc51207-a13d-4ef7-a449-1a148a285e09-sub-b|1;weknora-t02-3dc51207-a13d-4ef7-a449-1a148a285e09-sub-c|4]
2026-09-23T06:23:08Z	subs[1|1;4|2]	payments[failed|2;requires_action|2;succeeded|1]	invoices[1|1|1;5|0|2]	rows[weknora-t02-3dc51207-a13d-4ef7-a449-1a148a285e09-sub-a|4;weknora-t02-3dc51207-a13d-4ef7-a449-1a148a285e09-sub-b|1;weknora-t02-3dc51207-a13d-4ef7-a449-1a148a285e09-sub-c|4]
2026-09-23T06:23:10Z	subs[1|1;4|2]	payments[failed|2;requires_action|2;succeeded|1]	invoices[1|1|1;5|0|2]	rows[weknora-t02-3dc51207-a13d-4ef7-a449-1a148a285e09-sub-a|4;weknora-t02-3dc51207-a13d-4ef7-a449-1a148a285e09-sub-b|1;weknora-t02-3dc51207-a13d-4ef7-a449-1a148a285e09-sub-c|4]
2026-09-23T06:23:13Z	subs[1|1;4|2]	payments[failed|2;requires_action|2;succeeded|1]	invoices[1|1|1;5|0|2]	rows[weknora-t02-3dc51207-a13d-4ef7-a449-1a148a285e09-sub-a|4;weknora-t02-3dc51207-a13d-4ef7-a449-1a148a285e09-sub-b|1;weknora-t02-3dc51207-a13d-4ef7-a449-1a148a285e09-sub-c|4]
2026-09-23T06:23:16Z	subs[1|1;4|2]	payments[failed|2;requires_action|2;succeeded|1]	invoices[1|1|1;5|0|2]	rows[weknora-t02-3dc51207-a13d-4ef7-a449-1a148a285e09-sub-a|4;weknora-t02-3dc51207-a13d-4ef7-a449-1a148a285e09-sub-b|1;weknora-t02-3dc51207-a13d-4ef7-a449-1a148a285e09-sub-c|4]
2026-09-23T06:23:18Z	subs[1|1;4|2]	payments[failed|2;requires_action|2;succeeded|1]	invoices[1|1|1;5|0|2]	rows[weknora-t02-3dc51207-a13d-4ef7-a449-1a148a285e09-sub-a|4;weknora-t02-3dc51207-a13d-4ef7-a449-1a148a285e09-sub-b|1;weknora-t02-3dc51207-a13d-4ef7-a449-1a148a285e09-sub-c|4]
2026-09-23T06:23:20Z	subs[1|1;4|2]	payments[failed|2;requires_action|2;succeeded|1]	invoices[1|1|1;5|0|2]	rows[weknora-t02-3dc51207-a13d-4ef7-a449-1a148a285e09-sub-a|4;weknora-t02-3dc51207-a13d-4ef7-a449-1a148a285e09-sub-b|1;weknora-t02-3dc51207-a13d-4ef7-a449-1a148a285e09-sub-c|4]
2026-09-23T06:23:23Z	subs[1|1;4|2]	payments[failed|2;requires_action|2;succeeded|1]	invoices[1|1|1;5|0|2]	rows[weknora-t02-3dc51207-a13d-4ef7-a449-1a148a285e09-sub-a|4;weknora-t02-3dc51207-a13d-4ef7-a449-1a148a285e09-sub-b|1;weknora-t02-3dc51207-a13d-4ef7-a449-1a148a285e09-sub-c|4]
2026-09-23T06:23:25Z	subs[1|1;4|2]	payments[failed|2;requires_action|2;succeeded|1]	invoices[1|1|1;5|0|2]	rows[weknora-t02-3dc51207-a13d-4ef7-a449-1a148a285e09-sub-a|4;weknora-t02-3dc51207-a13d-4ef7-a449-1a148a285e09-sub-b|1;weknora-t02-3dc51207-a13d-4ef7-a449-1a148a285e09-sub-c|4]
2026-09-23T06:23:27Z	subs[1|1;4|2]	payments[failed|2;requires_action|2;succeeded|1]	invoices[1|1|1;5|0|2]	rows[weknora-t02-3dc51207-a13d-4ef7-a449-1a148a285e09-sub-a|4;weknora-t02-3dc51207-a13d-4ef7-a449-1a148a285e09-sub-b|1;weknora-t02-3dc51207-a13d-4ef7-a449-1a148a285e09-sub-c|4]
2026-09-23T06:23:30Z	subs[1|1;4|2]	payments[failed|2;requires_action|2;succeeded|1]	invoices[1|1|1;5|0|2]	rows[weknora-t02-3dc51207-a13d-4ef7-a449-1a148a285e09-sub-a|4;weknora-t02-3dc51207-a13d-4ef7-a449-1a148a285e09-sub-b|1;weknora-t02-3dc51207-a13d-4ef7-a449-1a148a285e09-sub-c|4]
2026-09-23T06:23:32Z	subs[1|1;4|2]	payments[failed|2;requires_action|2;succeeded|1]	invoices[1|1|1;5|0|2]	rows[weknora-t02-3dc51207-a13d-4ef7-a449-1a148a285e09-sub-a|4;weknora-t02-3dc51207-a13d-4ef7-a449-1a148a285e09-sub-b|1;weknora-t02-3dc51207-a13d-4ef7-a449-1a148a285e09-sub-c|4]
2026-09-23T06:23:34Z	subs[1|1;4|2]	payments[failed|2;requires_action|2;succeeded|1]	invoices[1|1|1;5|0|2]	rows[weknora-t02-3dc51207-a13d-4ef7-a449-1a148a285e09-sub-a|4;weknora-t02-3dc51207-a13d-4ef7-a449-1a148a285e09-sub-b|1;weknora-t02-3dc51207-a13d-4ef7-a449-1a148a285e09-sub-c|4]
2026-09-23T06:23:37Z	subs[1|1;4|2]	payments[failed|2;requires_action|2;succeeded|1]	invoices[1|1|1;5|0|2]	rows[weknora-t02-3dc51207-a13d-4ef7-a449-1a148a285e09-sub-a|4;weknora-t02-3dc51207-a13d-4ef7-a449-1a148a285e09-sub-b|1;weknora-t02-3dc51207-a13d-4ef7-a449-1a148a285e09-sub-c|4]
2026-09-23T06:23:39Z	subs[1|1;4|2]	payments[failed|2;requires_action|2;succeeded|1]	invoices[1|1|1;5|0|2]	rows[weknora-t02-3dc51207-a13d-4ef7-a449-1a148a285e09-sub-a|4;weknora-t02-3dc51207-a13d-4ef7-a449-1a148a285e09-sub-b|1;weknora-t02-3dc51207-a13d-4ef7-a449-1a148a285e09-sub-c|4]
2026-09-23T06:23:41Z	subs[1|1;4|2]	payments[failed|2;requires_action|2;succeeded|1]	invoices[1|1|1;5|0|2]	rows[weknora-t02-3dc51207-a13d-4ef7-a449-1a148a285e09-sub-a|4;weknora-t02-3dc51207-a13d-4ef7-a449-1a148a285e09-sub-b|1;weknora-t02-3dc51207-a13d-4ef7-a449-1a148a285e09-sub-c|4]
2026-09-23T06:23:44Z	subs[1|1;4|2]	payments[failed|2;requires_action|2;succeeded|1]	invoices[1|1|1;5|0|2]	rows[weknora-t02-3dc51207-a13d-4ef7-a449-1a148a285e09-sub-a|4;weknora-t02-3dc51207-a13d-4ef7-a449-1a148a285e09-sub-b|1;weknora-t02-3dc51207-a13d-4ef7-a449-1a148a285e09-sub-c|4]
2026-09-23T06:23:46Z	subs[1|1;4|2]	payments[failed|2;requires_action|2;succeeded|1]	invoices[1|1|1;5|0|2]	rows[weknora-t02-3dc51207-a13d-4ef7-a449-1a148a285e09-sub-a|4;weknora-t02-3dc51207-a13d-4ef7-a449-1a148a285e09-sub-b|1;weknora-t02-3dc51207-a13d-4ef7-a449-1a148a285e09-sub-c|4]
2026-09-23T06:23:49Z	subs[1|1;4|2]	payments[failed|2;requires_action|2;succeeded|1]	invoices[1|1|1;5|0|2]	rows[weknora-t02-3dc51207-a13d-4ef7-a449-1a148a285e09-sub-a|4;weknora-t02-3dc51207-a13d-4ef7-a449-1a148a285e09-sub-b|1;weknora-t02-3dc51207-a13d-4ef7-a449-1a148a285e09-sub-c|4]
2026-09-23T06:23:51Z	subs[1|1;4|2]	payments[failed|2;requires_action|2;succeeded|1]	invoices[1|1|1;5|0|2]	rows[weknora-t02-3dc51207-a13d-4ef7-a449-1a148a285e09-sub-a|4;weknora-t02-3dc51207-a13d-4ef7-a449-1a148a285e09-sub-b|1;weknora-t02-3dc51207-a13d-4ef7-a449-1a148a285e09-sub-c|4]
2026-09-23T06:23:54Z	subs[1|1;4|2]	payments[failed|2;requires_action|2;succeeded|1]	invoices[1|1|1;5|0|2]	rows[weknora-t02-3dc51207-a13d-4ef7-a449-1a148a285e09-sub-a|4;weknora-t02-3dc51207-a13d-4ef7-a449-1a148a285e09-sub-b|1;weknora-t02-3dc51207-a13d-4ef7-a449-1a148a285e09-sub-c|4]
2026-09-23T06:23:57Z	subs[1|1;4|2]	payments[failed|2;requires_action|2;succeeded|1]	invoices[1|1|1;5|0|2]	rows[weknora-t02-3dc51207-a13d-4ef7-a449-1a148a285e09-sub-a|4;weknora-t02-3dc51207-a13d-4ef7-a449-1a148a285e09-sub-b|1;weknora-t02-3dc51207-a13d-4ef7-a449-1a148a285e09-sub-c|4]
2026-09-23T06:24:00Z	subs[1|1;4|2]	payments[failed|2;requires_action|2;succeeded|1]	invoices[1|1|1;5|0|2]	rows[weknora-t02-3dc51207-a13d-4ef7-a449-1a148a285e09-sub-a|4;weknora-t02-3dc51207-a13d-4ef7-a449-1a148a285e09-sub-b|1;weknora-t02-3dc51207-a13d-4ef7-a449-1a148a285e09-sub-c|4]
2026-09-23T06:24:03Z	subs[1|1;4|2]	payments[failed|2;requires_action|2;succeeded|1]	invoices[1|1|1;5|0|2]	rows[weknora-t02-3dc51207-a13d-4ef7-a449-1a148a285e09-sub-a|4;weknora-t02-3dc51207-a13d-4ef7-a449-1a148a285e09-sub-b|1;weknora-t02-3dc51207-a13d-4ef7-a449-1a148a285e09-sub-c|4]
2026-09-23T06:24:05Z	subs[1|1;4|2]	payments[failed|2;requires_action|2;succeeded|1]	invoices[1|1|1;5|0|2]	rows[weknora-t02-3dc51207-a13d-4ef7-a449-1a148a285e09-sub-a|4;weknora-t02-3dc51207-a13d-4ef7-a449-1a148a285e09-sub-b|1;weknora-t02-3dc51207-a13d-4ef7-a449-1a148a285e09-sub-c|4]
2026-09-23T06:24:08Z	subs[1|1;4|2]	payments[failed|2;requires_action|2;succeeded|1]	invoices[1|1|1;5|0|2]	rows[weknora-t02-3dc51207-a13d-4ef7-a449-1a148a285e09-sub-a|4;weknora-t02-3dc51207-a13d-4ef7-a449-1a148a285e09-sub-b|1;weknora-t02-3dc51207-a13d-4ef7-a449-1a148a285e09-sub-c|4]
2026-09-23T06:24:10Z	subs[1|1;4|2]	payments[failed|2;requires_action|2;succeeded|1]	invoices[1|1|1;5|0|2]	rows[weknora-t02-3dc51207-a13d-4ef7-a449-1a148a285e09-sub-a|4;weknora-t02-3dc51207-a13d-4ef7-a449-1a148a285e09-sub-b|1;weknora-t02-3dc51207-a13d-4ef7-a449-1a148a285e09-sub-c|4]
2026-09-23T06:24:13Z	subs[1|1;4|2]	payments[failed|2;requires_action|2;succeeded|1]	invoices[1|1|1;5|0|2]	rows[weknora-t02-3dc51207-a13d-4ef7-a449-1a148a285e09-sub-a|4;weknora-t02-3dc51207-a13d-4ef7-a449-1a148a285e09-sub-b|1;weknora-t02-3dc51207-a13d-4ef7-a449-1a148a285e09-sub-c|4]
2026-09-23T06:24:15Z	subs[1|1;4|2]	payments[failed|2;requires_action|2;succeeded|1]	invoices[1|1|1;5|0|2]	rows[weknora-t02-3dc51207-a13d-4ef7-a449-1a148a285e09-sub-a|4;weknora-t02-3dc51207-a13d-4ef7-a449-1a148a285e09-sub-b|1;weknora-t02-3dc51207-a13d-4ef7-a449-1a148a285e09-sub-c|4]
2026-09-23T06:24:18Z	subs[1|1;4|2]	payments[failed|2;requires_action|2;succeeded|1]	invoices[1|1|1;5|0|2]	rows[weknora-t02-3dc51207-a13d-4ef7-a449-1a148a285e09-sub-a|4;weknora-t02-3dc51207-a13d-4ef7-a449-1a148a285e09-sub-b|1;weknora-t02-3dc51207-a13d-4ef7-a449-1a148a285e09-sub-c|4]
2026-09-23T06:24:20Z	subs[1|1;4|2]	payments[failed|2;requires_action|2;succeeded|1]	invoices[1|1|1;5|0|2]	rows[weknora-t02-3dc51207-a13d-4ef7-a449-1a148a285e09-sub-a|4;weknora-t02-3dc51207-a13d-4ef7-a449-1a148a285e09-sub-b|1;weknora-t02-3dc51207-a13d-4ef7-a449-1a148a285e09-sub-c|4]
2026-09-23T06:24:22Z	subs[1|1;4|2]	payments[failed|2;requires_action|2;succeeded|1]	invoices[1|1|1;5|0|2]	rows[weknora-t02-3dc51207-a13d-4ef7-a449-1a148a285e09-sub-a|4;weknora-t02-3dc51207-a13d-4ef7-a449-1a148a285e09-sub-b|1;weknora-t02-3dc51207-a13d-4ef7-a449-1a148a285e09-sub-c|4]
2026-09-23T06:24:25Z	subs[1|1;4|2]	payments[failed|2;requires_action|2;succeeded|1]	invoices[1|1|1;5|0|2]	rows[weknora-t02-3dc51207-a13d-4ef7-a449-1a148a285e09-sub-a|4;weknora-t02-3dc51207-a13d-4ef7-a449-1a148a285e09-sub-b|1;weknora-t02-3dc51207-a13d-4ef7-a449-1a148a285e09-sub-c|4]
2026-09-23T06:24:27Z	subs[1|1;4|2]	payments[failed|2;requires_action|2;succeeded|1]	invoices[1|1|1;5|0|2]	rows[weknora-t02-3dc51207-a13d-4ef7-a449-1a148a285e09-sub-a|4;weknora-t02-3dc51207-a13d-4ef7-a449-1a148a285e09-sub-b|1;weknora-t02-3dc51207-a13d-4ef7-a449-1a148a285e09-sub-c|4]
2026-09-23T06:24:30Z	subs[1|1;4|2]	payments[failed|2;requires_action|2;succeeded|1]	invoices[1|1|1;5|0|2]	rows[weknora-t02-3dc51207-a13d-4ef7-a449-1a148a285e09-sub-a|4;weknora-t02-3dc51207-a13d-4ef7-a449-1a148a285e09-sub-b|1;weknora-t02-3dc51207-a13d-4ef7-a449-1a148a285e09-sub-c|4]
2026-09-23T06:24:32Z	subs[1|1;4|2]	payments[failed|2;requires_action|2;succeeded|1]	invoices[1|1|1;5|0|2]	rows[weknora-t02-3dc51207-a13d-4ef7-a449-1a148a285e09-sub-a|4;weknora-t02-3dc51207-a13d-4ef7-a449-1a148a285e09-sub-b|1;weknora-t02-3dc51207-a13d-4ef7-a449-1a148a285e09-sub-c|4]
2026-09-23T06:24:34Z	subs[1|1;4|2]	payments[failed|2;requires_action|2;succeeded|1]	invoices[1|1|1;5|0|2]	rows[weknora-t02-3dc51207-a13d-4ef7-a449-1a148a285e09-sub-a|4;weknora-t02-3dc51207-a13d-4ef7-a449-1a148a285e09-sub-b|1;weknora-t02-3dc51207-a13d-4ef7-a449-1a148a285e09-sub-c|4]
2026-09-23T06:24:37Z	subs[1|1;4|2]	payments[failed|2;requires_action|2;succeeded|1]	invoices[1|1|1;5|0|2]	rows[weknora-t02-3dc51207-a13d-4ef7-a449-1a148a285e09-sub-a|4;weknora-t02-3dc51207-a13d-4ef7-a449-1a148a285e09-sub-b|1;weknora-t02-3dc51207-a13d-4ef7-a449-1a148a285e09-sub-c|4]
2026-09-23T06:24:39Z	subs[1|1;4|2]	payments[failed|2;requires_action|2;succeeded|1]	invoices[1|1|1;5|0|2]	rows[weknora-t02-3dc51207-a13d-4ef7-a449-1a148a285e09-sub-a|4;weknora-t02-3dc51207-a13d-4ef7-a449-1a148a285e09-sub-b|1;weknora-t02-3dc51207-a13d-4ef7-a449-1a148a285e09-sub-c|4]
2026-09-23T06:24:43Z	subs[1|1;4|2]	payments[failed|2;requires_action|2;succeeded|1]	invoices[1|1|1;5|0|2]	rows[weknora-t02-3dc51207-a13d-4ef7-a449-1a148a285e09-sub-a|4;weknora-t02-3dc51207-a13d-4ef7-a449-1a148a285e09-sub-b|1;weknora-t02-3dc51207-a13d-4ef7-a449-1a148a285e09-sub-c|4]
2026-09-23T06:24:45Z	subs[1|1;4|2]	payments[failed|2;requires_action|2;succeeded|1]	invoices[1|1|1;5|0|2]	rows[weknora-t02-3dc51207-a13d-4ef7-a449-1a148a285e09-sub-a|4;weknora-t02-3dc51207-a13d-4ef7-a449-1a148a285e09-sub-b|1;weknora-t02-3dc51207-a13d-4ef7-a449-1a148a285e09-sub-c|4]
2026-09-23T06:24:49Z	subs[1|1;4|2]	payments[failed|2;requires_action|2;succeeded|1]	invoices[1|1|1;5|0|2]	rows[weknora-t02-3dc51207-a13d-4ef7-a449-1a148a285e09-sub-a|4;weknora-t02-3dc51207-a13d-4ef7-a449-1a148a285e09-sub-b|1;weknora-t02-3dc51207-a13d-4ef7-a449-1a148a285e09-sub-c|4]
2026-09-23T06:24:51Z	subs[1|1;4|2]	payments[failed|2;requires_action|2;succeeded|1]	invoices[1|1|1;5|0|2]	rows[weknora-t02-3dc51207-a13d-4ef7-a449-1a148a285e09-sub-a|4;weknora-t02-3dc51207-a13d-4ef7-a449-1a148a285e09-sub-b|1;weknora-t02-3dc51207-a13d-4ef7-a449-1a148a285e09-sub-c|4]
2026-09-23T06:24:54Z	subs[1|1;4|2]	payments[failed|2;requires_action|2;succeeded|1]	invoices[1|1|1;5|0|2]	rows[weknora-t02-3dc51207-a13d-4ef7-a449-1a148a285e09-sub-a|4;weknora-t02-3dc51207-a13d-4ef7-a449-1a148a285e09-sub-b|1;weknora-t02-3dc51207-a13d-4ef7-a449-1a148a285e09-sub-c|4]
2026-09-23T06:24:56Z	subs[1|1;4|2]	payments[failed|2;requires_action|2;succeeded|1]	invoices[1|1|1;5|0|2]	rows[weknora-t02-3dc51207-a13d-4ef7-a449-1a148a285e09-sub-a|4;weknora-t02-3dc51207-a13d-4ef7-a449-1a148a285e09-sub-b|1;weknora-t02-3dc51207-a13d-4ef7-a449-1a148a285e09-sub-c|4]
2026-09-23T06:24:58Z	subs[1|1;4|2]	payments[failed|2;requires_action|2;succeeded|1]	invoices[1|1|1;5|0|2]	rows[weknora-t02-3dc51207-a13d-4ef7-a449-1a148a285e09-sub-a|4;weknora-t02-3dc51207-a13d-4ef7-a449-1a148a285e09-sub-b|1;weknora-t02-3dc51207-a13d-4ef7-a449-1a148a285e09-sub-c|4]
2026-09-23T06:25:01Z	subs[1|1;4|2]	payments[failed|2;requires_action|2;succeeded|1]	invoices[1|1|1;5|0|2]	rows[weknora-t02-3dc51207-a13d-4ef7-a449-1a148a285e09-sub-a|4;weknora-t02-3dc51207-a13d-4ef7-a449-1a148a285e09-sub-b|1;weknora-t02-3dc51207-a13d-4ef7-a449-1a148a285e09-sub-c|4]
2026-09-23T06:25:05Z	subs[1|1;4|2]	payments[failed|2;requires_action|2;succeeded|1]	invoices[1|1|1;5|0|2]	rows[weknora-t02-3dc51207-a13d-4ef7-a449-1a148a285e09-sub-a|4;weknora-t02-3dc51207-a13d-4ef7-a449-1a148a285e09-sub-b|1;weknora-t02-3dc51207-a13d-4ef7-a449-1a148a285e09-sub-c|4]
2026-09-23T06:25:08Z	subs[1|1;4|2]	payments[failed|2;requires_action|2;succeeded|1]	invoices[1|1|1;5|0|2]	rows[weknora-t02-3dc51207-a13d-4ef7-a449-1a148a285e09-sub-a|4;weknora-t02-3dc51207-a13d-4ef7-a449-1a148a285e09-sub-b|1;weknora-t02-3dc51207-a13d-4ef7-a449-1a148a285e09-sub-c|4]
2026-09-23T06:25:11Z	subs[1|1;4|2]	payments[failed|2;requires_action|2;succeeded|1]	invoices[1|1|1;5|0|2]	rows[weknora-t02-3dc51207-a13d-4ef7-a449-1a148a285e09-sub-a|4;weknora-t02-3dc51207-a13d-4ef7-a449-1a148a285e09-sub-b|1;weknora-t02-3dc51207-a13d-4ef7-a449-1a148a285e09-sub-c|4]
2026-09-23T06:25:14Z	subs[1|1;4|2]	payments[failed|2;requires_action|2;succeeded|1]	invoices[1|1|1;5|0|2]	rows[weknora-t02-3dc51207-a13d-4ef7-a449-1a148a285e09-sub-a|4;weknora-t02-3dc51207-a13d-4ef7-a449-1a148a285e09-sub-b|1;weknora-t02-3dc51207-a13d-4ef7-a449-1a148a285e09-sub-c|4]
2026-09-23T06:25:16Z	subs[1|1;4|2]	payments[failed|2;requires_action|2;succeeded|1]	invoices[1|1|1;5|0|2]	rows[weknora-t02-3dc51207-a13d-4ef7-a449-1a148a285e09-sub-a|4;weknora-t02-3dc51207-a13d-4ef7-a449-1a148a285e09-sub-b|1;weknora-t02-3dc51207-a13d-4ef7-a449-1a148a285e09-sub-c|4]
2026-09-23T06:25:19Z	subs[1|1;4|2]	payments[failed|2;requires_action|2;succeeded|1]	invoices[1|1|1;5|0|2]	rows[weknora-t02-3dc51207-a13d-4ef7-a449-1a148a285e09-sub-a|4;weknora-t02-3dc51207-a13d-4ef7-a449-1a148a285e09-sub-b|1;weknora-t02-3dc51207-a13d-4ef7-a449-1a148a285e09-sub-c|4]
2026-09-23T06:25:21Z	subs[1|1;4|2]	payments[failed|2;requires_action|2;succeeded|1]	invoices[1|1|1;5|0|2]	rows[weknora-t02-3dc51207-a13d-4ef7-a449-1a148a285e09-sub-a|4;weknora-t02-3dc51207-a13d-4ef7-a449-1a148a285e09-sub-b|1;weknora-t02-3dc51207-a13d-4ef7-a449-1a148a285e09-sub-c|4]
2026-09-23T06:25:23Z	subs[1|1;4|2]	payments[failed|2;requires_action|2;succeeded|1]	invoices[1|1|1;5|0|2]	rows[weknora-t02-3dc51207-a13d-4ef7-a449-1a148a285e09-sub-a|4;weknora-t02-3dc51207-a13d-4ef7-a449-1a148a285e09-sub-b|1;weknora-t02-3dc51207-a13d-4ef7-a449-1a148a285e09-sub-c|4]
2026-09-23T06:25:26Z	subs[1|1;4|2]	payments[failed|2;requires_action|2;succeeded|1]	invoices[1|1|1;5|0|2]	rows[weknora-t02-3dc51207-a13d-4ef7-a449-1a148a285e09-sub-a|4;weknora-t02-3dc51207-a13d-4ef7-a449-1a148a285e09-sub-b|1;weknora-t02-3dc51207-a13d-4ef7-a449-1a148a285e09-sub-c|4]
2026-09-23T06:25:28Z	subs[1|1;4|2]	payments[failed|2;requires_action|2;succeeded|1]	invoices[1|1|1;5|0|2]	rows[weknora-t02-3dc51207-a13d-4ef7-a449-1a148a285e09-sub-a|4;weknora-t02-3dc51207-a13d-4ef7-a449-1a148a285e09-sub-b|1;weknora-t02-3dc51207-a13d-4ef7-a449-1a148a285e09-sub-c|4]
2026-09-23T06:25:31Z	subs[1|1;4|2]	payments[failed|2;requires_action|2;succeeded|1]	invoices[1|1|1;5|0|2]	rows[weknora-t02-3dc51207-a13d-4ef7-a449-1a148a285e09-sub-a|4;weknora-t02-3dc51207-a13d-4ef7-a449-1a148a285e09-sub-b|1;weknora-t02-3dc51207-a13d-4ef7-a449-1a148a285e09-sub-c|4]
2026-09-23T06:25:33Z	subs[1|1;4|2]	payments[failed|2;requires_action|2;succeeded|1]	invoices[1|1|1;5|0|2]	rows[weknora-t02-3dc51207-a13d-4ef7-a449-1a148a285e09-sub-a|4;weknora-t02-3dc51207-a13d-4ef7-a449-1a148a285e09-sub-b|1;weknora-t02-3dc51207-a13d-4ef7-a449-1a148a285e09-sub-c|4]
2026-09-23T06:25:36Z	subs[1|1;4|2]	payments[failed|2;requires_action|2;succeeded|1]	invoices[1|1|1;5|0|2]	rows[weknora-t02-3dc51207-a13d-4ef7-a449-1a148a285e09-sub-a|4;weknora-t02-3dc51207-a13d-4ef7-a449-1a148a285e09-sub-b|1;weknora-t02-3dc51207-a13d-4ef7-a449-1a148a285e09-sub-c|4]
2026-09-23T06:25:38Z	subs[1|1;4|2]	payments[failed|2;requires_action|2;succeeded|1]	invoices[1|1|1;5|0|2]	rows[weknora-t02-3dc51207-a13d-4ef7-a449-1a148a285e09-sub-a|4;weknora-t02-3dc51207-a13d-4ef7-a449-1a148a285e09-sub-b|1;weknora-t02-3dc51207-a13d-4ef7-a449-1a148a285e09-sub-c|4]
2026-09-23T06:25:41Z	subs[1|1;4|2]	payments[failed|2;requires_action|2;succeeded|1]	invoices[1|1|1;5|0|2]	rows[weknora-t02-3dc51207-a13d-4ef7-a449-1a148a285e09-sub-a|4;weknora-t02-3dc51207-a13d-4ef7-a449-1a148a285e09-sub-b|1;weknora-t02-3dc51207-a13d-4ef7-a449-1a148a285e09-sub-c|4]
2026-09-23T06:25:43Z	subs[1|1;4|2]	payments[failed|2;requires_action|2;succeeded|1]	invoices[1|1|1;5|0|2]	rows[weknora-t02-3dc51207-a13d-4ef7-a449-1a148a285e09-sub-a|4;weknora-t02-3dc51207-a13d-4ef7-a449-1a148a285e09-sub-b|1;weknora-t02-3dc51207-a13d-4ef7-a449-1a148a285e09-sub-c|4]
2026-09-23T06:25:46Z	subs[1|1;4|2]	payments[failed|2;requires_action|2;succeeded|1]	invoices[1|1|1;5|0|2]	rows[weknora-t02-3dc51207-a13d-4ef7-a449-1a148a285e09-sub-a|4;weknora-t02-3dc51207-a13d-4ef7-a449-1a148a285e09-sub-b|1;weknora-t02-3dc51207-a13d-4ef7-a449-1a148a285e09-sub-c|4]
2026-09-23T06:25:50Z	subs[1|1;4|2]	payments[failed|2;requires_action|2;succeeded|1]	invoices[1|1|1;5|0|2]	rows[weknora-t02-3dc51207-a13d-4ef7-a449-1a148a285e09-sub-a|4;weknora-t02-3dc51207-a13d-4ef7-a449-1a148a285e09-sub-b|1;weknora-t02-3dc51207-a13d-4ef7-a449-1a148a285e09-sub-c|4]
2026-09-23T06:25:53Z	subs[1|1;4|2]	payments[failed|2;requires_action|2;succeeded|1]	invoices[1|1|1;5|0|2]	rows[weknora-t02-3dc51207-a13d-4ef7-a449-1a148a285e09-sub-a|4;weknora-t02-3dc51207-a13d-4ef7-a449-1a148a285e09-sub-b|1;weknora-t02-3dc51207-a13d-4ef7-a449-1a148a285e09-sub-c|4]
2026-09-23T06:25:57Z	subs[1|1;4|2]	payments[failed|2;requires_action|2;succeeded|1]	invoices[1|1|1;5|0|2]	rows[weknora-t02-3dc51207-a13d-4ef7-a449-1a148a285e09-sub-a|4;weknora-t02-3dc51207-a13d-4ef7-a449-1a148a285e09-sub-b|1;weknora-t02-3dc51207-a13d-4ef7-a449-1a148a285e09-sub-c|4]
2026-09-23T06:26:03Z	subs[1|1;4|2]	payments[failed|2;requires_action|2;succeeded|1]	invoices[1|1|1;5|0|2]	rows[weknora-t02-3dc51207-a13d-4ef7-a449-1a148a285e09-sub-a|4;weknora-t02-3dc51207-a13d-4ef7-a449-1a148a285e09-sub-b|1;weknora-t02-3dc51207-a13d-4ef7-a449-1a148a285e09-sub-c|4]
2026-09-23T06:26:07Z	subs[1|1;4|2]	payments[failed|2;requires_action|2;succeeded|1]	invoices[1|1|1;5|0|2]	rows[weknora-t02-3dc51207-a13d-4ef7-a449-1a148a285e09-sub-a|4;weknora-t02-3dc51207-a13d-4ef7-a449-1a148a285e09-sub-b|1;weknora-t02-3dc51207-a13d-4ef7-a449-1a148a285e09-sub-c|4]
2026-09-23T06:26:11Z	subs[1|1;4|2]	payments[failed|2;requires_action|2;succeeded|1]	invoices[1|1|1;5|0|2]	rows[weknora-t02-3dc51207-a13d-4ef7-a449-1a148a285e09-sub-a|4;weknora-t02-3dc51207-a13d-4ef7-a449-1a148a285e09-sub-b|1;weknora-t02-3dc51207-a13d-4ef7-a449-1a148a285e09-sub-c|4]
2026-09-23T06:26:15Z	subs[1|1;4|2]	payments[failed|2;requires_action|2;succeeded|1]	invoices[1|1|1;5|0|2]	rows[weknora-t02-3dc51207-a13d-4ef7-a449-1a148a285e09-sub-a|4;weknora-t02-3dc51207-a13d-4ef7-a449-1a148a285e09-sub-b|1;weknora-t02-3dc51207-a13d-4ef7-a449-1a148a285e09-sub-c|4]
2026-09-23T06:26:18Z	subs[1|1;4|2]	payments[failed|2;requires_action|2;succeeded|1]	invoices[1|1|1;5|0|2]	rows[weknora-t02-3dc51207-a13d-4ef7-a449-1a148a285e09-sub-a|4;weknora-t02-3dc51207-a13d-4ef7-a449-1a148a285e09-sub-b|1;weknora-t02-3dc51207-a13d-4ef7-a449-1a148a285e09-sub-c|4]
2026-09-23T06:26:20Z	subs[1|1;4|2]	payments[failed|2;requires_action|2;succeeded|1]	invoices[1|1|1;5|0|2]	rows[weknora-t02-3dc51207-a13d-4ef7-a449-1a148a285e09-sub-a|4;weknora-t02-3dc51207-a13d-4ef7-a449-1a148a285e09-sub-b|1;weknora-t02-3dc51207-a13d-4ef7-a449-1a148a285e09-sub-c|4]
2026-09-23T06:26:23Z	subs[1|1;4|2]	payments[failed|2;requires_action|2;succeeded|1]	invoices[1|1|1;5|0|2]	rows[weknora-t02-3dc51207-a13d-4ef7-a449-1a148a285e09-sub-a|4;weknora-t02-3dc51207-a13d-4ef7-a449-1a148a285e09-sub-b|1;weknora-t02-3dc51207-a13d-4ef7-a449-1a148a285e09-sub-c|4]
2026-09-23T06:26:26Z	subs[1|1;4|2]	payments[failed|2;requires_action|2;succeeded|1]	invoices[1|1|1;5|0|2]	rows[weknora-t02-3dc51207-a13d-4ef7-a449-1a148a285e09-sub-a|4;weknora-t02-3dc51207-a13d-4ef7-a449-1a148a285e09-sub-b|1;weknora-t02-3dc51207-a13d-4ef7-a449-1a148a285e09-sub-c|4]
2026-09-23T06:26:30Z	subs[1|1;4|2]	payments[failed|2;requires_action|2;succeeded|1]	invoices[1|1|1;5|0|2]	rows[weknora-t02-3dc51207-a13d-4ef7-a449-1a148a285e09-sub-a|4;weknora-t02-3dc51207-a13d-4ef7-a449-1a148a285e09-sub-b|1;weknora-t02-3dc51207-a13d-4ef7-a449-1a148a285e09-sub-c|4]
2026-09-23T06:26:35Z	subs[1|1;4|2]	payments[failed|2;requires_action|2;succeeded|1]	invoices[1|1|1;5|0|2]	rows[weknora-t02-3dc51207-a13d-4ef7-a449-1a148a285e09-sub-a|4;weknora-t02-3dc51207-a13d-4ef7-a449-1a148a285e09-sub-b|1;weknora-t02-3dc51207-a13d-4ef7-a449-1a148a285e09-sub-c|4]
2026-09-23T06:26:38Z	subs[1|1;4|2]	payments[failed|2;requires_action|2;succeeded|1]	invoices[1|1|1;5|0|2]	rows[weknora-t02-3dc51207-a13d-4ef7-a449-1a148a285e09-sub-a|4;weknora-t02-3dc51207-a13d-4ef7-a449-1a148a285e09-sub-b|1;weknora-t02-3dc51207-a13d-4ef7-a449-1a148a285e09-sub-c|4]
2026-09-23T06:26:41Z	subs[1|1;4|2]	payments[failed|2;requires_action|2;succeeded|1]	invoices[1|1|1;5|0|2]	rows[weknora-t02-3dc51207-a13d-4ef7-a449-1a148a285e09-sub-a|4;weknora-t02-3dc51207-a13d-4ef7-a449-1a148a285e09-sub-b|1;weknora-t02-3dc51207-a13d-4ef7-a449-1a148a285e09-sub-c|4]
2026-09-23T06:26:44Z	subs[1|1;4|2]	payments[failed|2;requires_action|2;succeeded|1]	invoices[1|1|1;5|0|2]	rows[weknora-t02-3dc51207-a13d-4ef7-a449-1a148a285e09-sub-a|4;weknora-t02-3dc51207-a13d-4ef7-a449-1a148a285e09-sub-b|1;weknora-t02-3dc51207-a13d-4ef7-a449-1a148a285e09-sub-c|4]
2026-09-23T06:26:46Z	subs[1|1;4|2]	payments[failed|2;requires_action|2;succeeded|1]	invoices[1|1|1;5|0|2]	rows[weknora-t02-3dc51207-a13d-4ef7-a449-1a148a285e09-sub-a|4;weknora-t02-3dc51207-a13d-4ef7-a449-1a148a285e09-sub-b|1;weknora-t02-3dc51207-a13d-4ef7-a449-1a148a285e09-sub-c|4]
2026-09-23T06:26:49Z	subs[1|1;4|2]	payments[failed|2;requires_action|2;succeeded|1]	invoices[1|1|1;5|0|2]	rows[weknora-t02-3dc51207-a13d-4ef7-a449-1a148a285e09-sub-a|4;weknora-t02-3dc51207-a13d-4ef7-a449-1a148a285e09-sub-b|1;weknora-t02-3dc51207-a13d-4ef7-a449-1a148a285e09-sub-c|4]
2026-09-23T06:26:52Z	subs[1|1;4|2]	payments[failed|2;requires_action|2;succeeded|1]	invoices[1|1|1;5|0|2]	rows[weknora-t02-3dc51207-a13d-4ef7-a449-1a148a285e09-sub-a|4;weknora-t02-3dc51207-a13d-4ef7-a449-1a148a285e09-sub-b|1;weknora-t02-3dc51207-a13d-4ef7-a449-1a148a285e09-sub-c|4]
2026-09-23T06:26:54Z	subs[1|1;4|2]	payments[failed|2;requires_action|2;succeeded|1]	invoices[1|1|1;5|0|2]	rows[weknora-t02-3dc51207-a13d-4ef7-a449-1a148a285e09-sub-a|4;weknora-t02-3dc51207-a13d-4ef7-a449-1a148a285e09-sub-b|1;weknora-t02-3dc51207-a13d-4ef7-a449-1a148a285e09-sub-c|4]
2026-09-23T06:26:57Z	subs[1|1;4|2]	payments[failed|2;requires_action|2;succeeded|1]	invoices[1|1|1;5|0|2]	rows[weknora-t02-3dc51207-a13d-4ef7-a449-1a148a285e09-sub-a|4;weknora-t02-3dc51207-a13d-4ef7-a449-1a148a285e09-sub-b|1;weknora-t02-3dc51207-a13d-4ef7-a449-1a148a285e09-sub-c|4]
2026-09-23T06:27:01Z	subs[1|1;4|2]	payments[failed|2;requires_action|2;succeeded|1]	invoices[1|1|1;5|0|2]	rows[weknora-t02-3dc51207-a13d-4ef7-a449-1a148a285e09-sub-a|4;weknora-t02-3dc51207-a13d-4ef7-a449-1a148a285e09-sub-b|1;weknora-t02-3dc51207-a13d-4ef7-a449-1a148a285e09-sub-c|4]
2026-09-23T06:27:04Z	subs[1|1;4|2]	payments[failed|2;requires_action|2;succeeded|1]	invoices[1|1|1;5|0|2]	rows[weknora-t02-3dc51207-a13d-4ef7-a449-1a148a285e09-sub-a|4;weknora-t02-3dc51207-a13d-4ef7-a449-1a148a285e09-sub-b|1;weknora-t02-3dc51207-a13d-4ef7-a449-1a148a285e09-sub-c|4]
2026-09-23T06:27:08Z	subs[1|1;4|2]	payments[failed|2;requires_action|2;succeeded|1]	invoices[1|1|1;5|0|2]	rows[weknora-t02-3dc51207-a13d-4ef7-a449-1a148a285e09-sub-a|4;weknora-t02-3dc51207-a13d-4ef7-a449-1a148a285e09-sub-b|1;weknora-t02-3dc51207-a13d-4ef7-a449-1a148a285e09-sub-c|4]
2026-09-23T06:27:10Z	subs[1|1;4|2]	payments[failed|2;requires_action|2;succeeded|1]	invoices[1|1|1;5|0|2]	rows[weknora-t02-3dc51207-a13d-4ef7-a449-1a148a285e09-sub-a|4;weknora-t02-3dc51207-a13d-4ef7-a449-1a148a285e09-sub-b|1;weknora-t02-3dc51207-a13d-4ef7-a449-1a148a285e09-sub-c|4]
2026-09-23T06:27:13Z	subs[1|1;4|2]	payments[failed|2;requires_action|2;succeeded|1]	invoices[1|1|1;5|0|2]	rows[weknora-t02-3dc51207-a13d-4ef7-a449-1a148a285e09-sub-a|4;weknora-t02-3dc51207-a13d-4ef7-a449-1a148a285e09-sub-b|1;weknora-t02-3dc51207-a13d-4ef7-a449-1a148a285e09-sub-c|4]
2026-09-23T06:27:15Z	subs[1|1;4|2]	payments[failed|2;requires_action|2;succeeded|1]	invoices[1|1|1;5|0|2]	rows[weknora-t02-3dc51207-a13d-4ef7-a449-1a148a285e09-sub-a|4;weknora-t02-3dc51207-a13d-4ef7-a449-1a148a285e09-sub-b|1;weknora-t02-3dc51207-a13d-4ef7-a449-1a148a285e09-sub-c|4]
2026-09-23T06:27:18Z	subs[1|1;4|2]	payments[failed|2;requires_action|2;succeeded|1]	invoices[1|1|1;5|0|2]	rows[weknora-t02-3dc51207-a13d-4ef7-a449-1a148a285e09-sub-a|4;weknora-t02-3dc51207-a13d-4ef7-a449-1a148a285e09-sub-b|1;weknora-t02-3dc51207-a13d-4ef7-a449-1a148a285e09-sub-c|4]
2026-09-23T06:27:21Z	subs[1|1;4|2]	payments[failed|2;requires_action|2;succeeded|1]	invoices[1|1|1;5|0|2]	rows[weknora-t02-3dc51207-a13d-4ef7-a449-1a148a285e09-sub-a|4;weknora-t02-3dc51207-a13d-4ef7-a449-1a148a285e09-sub-b|1;weknora-t02-3dc51207-a13d-4ef7-a449-1a148a285e09-sub-c|4]
2026-09-23T06:27:24Z	subs[1|1;4|2]	payments[failed|2;requires_action|2;succeeded|1]	invoices[1|1|1;5|0|2]	rows[weknora-t02-3dc51207-a13d-4ef7-a449-1a148a285e09-sub-a|4;weknora-t02-3dc51207-a13d-4ef7-a449-1a148a285e09-sub-b|1;weknora-t02-3dc51207-a13d-4ef7-a449-1a148a285e09-sub-c|4]
2026-09-23T06:27:27Z	subs[1|1;4|2]	payments[failed|2;requires_action|2;succeeded|1]	invoices[1|1|1;5|0|2]	rows[weknora-t02-3dc51207-a13d-4ef7-a449-1a148a285e09-sub-a|4;weknora-t02-3dc51207-a13d-4ef7-a449-1a148a285e09-sub-b|1;weknora-t02-3dc51207-a13d-4ef7-a449-1a148a285e09-sub-c|4]
2026-09-23T06:27:30Z	subs[1|1;4|2]	payments[failed|2;requires_action|2;succeeded|1]	invoices[1|1|1;5|0|2]	rows[weknora-t02-3dc51207-a13d-4ef7-a449-1a148a285e09-sub-a|4;weknora-t02-3dc51207-a13d-4ef7-a449-1a148a285e09-sub-b|1;weknora-t02-3dc51207-a13d-4ef7-a449-1a148a285e09-sub-c|4]
2026-09-23T06:27:34Z	subs[1|1;4|2]	payments[failed|2;requires_action|2;succeeded|1]	invoices[1|1|1;5|0|2]	rows[weknora-t02-3dc51207-a13d-4ef7-a449-1a148a285e09-sub-a|4;weknora-t02-3dc51207-a13d-4ef7-a449-1a148a285e09-sub-b|1;weknora-t02-3dc51207-a13d-4ef7-a449-1a148a285e09-sub-c|4]
2026-09-23T06:27:38Z	subs[1|1;3|1;4|1]	payments[failed|2;requires_action|2;succeeded|1]	invoices[1|1|1;5|0|1;6|0|1]	rows[weknora-t02-3dc51207-a13d-4ef7-a449-1a148a285e09-sub-a|3;weknora-t02-3dc51207-a13d-4ef7-a449-1a148a285e09-sub-b|2;weknora-t02-3dc51207-a13d-4ef7-a449-1a148a285e09-sub-c|4]
2026-09-23T06:27:41Z	subs[2|1;3|2]	payments[failed|2;requires_action|2;succeeded|1]	invoices[1|1|2;6|0|2]	rows[weknora-t02-3dc51207-a13d-4ef7-a449-1a148a285e09-sub-a|3;weknora-t02-3dc51207-a13d-4ef7-a449-1a148a285e09-sub-b|2;weknora-t02-3dc51207-a13d-4ef7-a449-1a148a285e09-sub-c|3]
2026-09-23T06:27:45Z	subs[2|1;3|2]	payments[failed|2;requires_action|2;succeeded|1]	invoices[1|1|2;6|0|2]	rows[weknora-t02-3dc51207-a13d-4ef7-a449-1a148a285e09-sub-a|3;weknora-t02-3dc51207-a13d-4ef7-a449-1a148a285e09-sub-b|2;weknora-t02-3dc51207-a13d-4ef7-a449-1a148a285e09-sub-c|3]
2026-09-23T06:27:49Z	subs[2|1;3|2]	payments[failed|2;requires_action|2;succeeded|1]	invoices[1|1|2;6|0|2]	rows[weknora-t02-3dc51207-a13d-4ef7-a449-1a148a285e09-sub-a|3;weknora-t02-3dc51207-a13d-4ef7-a449-1a148a285e09-sub-b|2;weknora-t02-3dc51207-a13d-4ef7-a449-1a148a285e09-sub-c|3]
2026-09-23T06:27:52Z	subs[2|1;3|2]	payments[failed|2;requires_action|2;succeeded|1]	invoices[1|1|2;6|0|2]	rows[weknora-t02-3dc51207-a13d-4ef7-a449-1a148a285e09-sub-a|3;weknora-t02-3dc51207-a13d-4ef7-a449-1a148a285e09-sub-b|2;weknora-t02-3dc51207-a13d-4ef7-a449-1a148a285e09-sub-c|3]
2026-09-23T06:27:55Z	subs[2|1;3|2]	payments[failed|2;requires_action|2;succeeded|1]	invoices[1|1|2;6|0|2]	rows[weknora-t02-3dc51207-a13d-4ef7-a449-1a148a285e09-sub-a|3;weknora-t02-3dc51207-a13d-4ef7-a449-1a148a285e09-sub-b|2;weknora-t02-3dc51207-a13d-4ef7-a449-1a148a285e09-sub-c|3]
2026-09-23T06:27:58Z	subs[2|1;3|2]	payments[failed|2;requires_action|2;succeeded|1]	invoices[1|1|2;6|0|2]	rows[weknora-t02-3dc51207-a13d-4ef7-a449-1a148a285e09-sub-a|3;weknora-t02-3dc51207-a13d-4ef7-a449-1a148a285e09-sub-b|2;weknora-t02-3dc51207-a13d-4ef7-a449-1a148a285e09-sub-c|3]
2026-09-23T06:28:00Z	subs[2|1;3|2]	payments[failed|2;requires_action|2;succeeded|1]	invoices[1|1|2;6|0|2]	rows[weknora-t02-3dc51207-a13d-4ef7-a449-1a148a285e09-sub-a|3;weknora-t02-3dc51207-a13d-4ef7-a449-1a148a285e09-sub-b|2;weknora-t02-3dc51207-a13d-4ef7-a449-1a148a285e09-sub-c|3]
2026-09-23T06:28:03Z	subs[2|1;3|2]	payments[failed|2;requires_action|2;succeeded|1]	invoices[1|1|2;6|0|2]	rows[weknora-t02-3dc51207-a13d-4ef7-a449-1a148a285e09-sub-a|3;weknora-t02-3dc51207-a13d-4ef7-a449-1a148a285e09-sub-b|2;weknora-t02-3dc51207-a13d-4ef7-a449-1a148a285e09-sub-c|3]
2026-09-23T06:28:06Z	subs[2|1;3|2]	payments[failed|2;requires_action|2;succeeded|1]	invoices[1|1|2;6|0|2]	rows[weknora-t02-3dc51207-a13d-4ef7-a449-1a148a285e09-sub-a|3;weknora-t02-3dc51207-a13d-4ef7-a449-1a148a285e09-sub-b|2;weknora-t02-3dc51207-a13d-4ef7-a449-1a148a285e09-sub-c|3]
2026-09-23T06:28:09Z	subs[2|1;3|2]	payments[failed|2;requires_action|2;succeeded|1]	invoices[1|1|2;6|0|2]	rows[weknora-t02-3dc51207-a13d-4ef7-a449-1a148a285e09-sub-a|3;weknora-t02-3dc51207-a13d-4ef7-a449-1a148a285e09-sub-b|2;weknora-t02-3dc51207-a13d-4ef7-a449-1a148a285e09-sub-c|3]
2026-09-23T06:28:12Z	subs[2|1;3|2]	payments[failed|2;requires_action|2;succeeded|1]	invoices[1|1|2;6|0|2]	rows[weknora-t02-3dc51207-a13d-4ef7-a449-1a148a285e09-sub-a|3;weknora-t02-3dc51207-a13d-4ef7-a449-1a148a285e09-sub-b|2;weknora-t02-3dc51207-a13d-4ef7-a449-1a148a285e09-sub-c|3]
2026-09-23T06:28:14Z	subs[2|1;3|2]	payments[failed|2;requires_action|2;succeeded|1]	invoices[1|1|2;6|0|2]	rows[weknora-t02-3dc51207-a13d-4ef7-a449-1a148a285e09-sub-a|3;weknora-t02-3dc51207-a13d-4ef7-a449-1a148a285e09-sub-b|2;weknora-t02-3dc51207-a13d-4ef7-a449-1a148a285e09-sub-c|3]
2026-09-23T06:28:17Z	subs[2|1;3|2]	payments[failed|2;requires_action|2;succeeded|1]	invoices[1|1|2;6|0|2]	rows[weknora-t02-3dc51207-a13d-4ef7-a449-1a148a285e09-sub-a|3;weknora-t02-3dc51207-a13d-4ef7-a449-1a148a285e09-sub-b|2;weknora-t02-3dc51207-a13d-4ef7-a449-1a148a285e09-sub-c|3]
2026-09-23T06:28:19Z	subs[2|1;3|2]	payments[failed|2;requires_action|2;succeeded|1]	invoices[1|1|2;6|0|2]	rows[weknora-t02-3dc51207-a13d-4ef7-a449-1a148a285e09-sub-a|3;weknora-t02-3dc51207-a13d-4ef7-a449-1a148a285e09-sub-b|2;weknora-t02-3dc51207-a13d-4ef7-a449-1a148a285e09-sub-c|3]
2026-09-23T06:28:22Z	subs[2|1;3|2]	payments[failed|2;requires_action|2;succeeded|1]	invoices[1|1|2;6|0|2]	rows[weknora-t02-3dc51207-a13d-4ef7-a449-1a148a285e09-sub-a|3;weknora-t02-3dc51207-a13d-4ef7-a449-1a148a285e09-sub-b|2;weknora-t02-3dc51207-a13d-4ef7-a449-1a148a285e09-sub-c|3]
2026-09-23T06:28:25Z	subs[2|1;3|2]	payments[failed|2;requires_action|2;succeeded|1]	invoices[1|1|2;6|0|2]	rows[weknora-t02-3dc51207-a13d-4ef7-a449-1a148a285e09-sub-a|3;weknora-t02-3dc51207-a13d-4ef7-a449-1a148a285e09-sub-b|2;weknora-t02-3dc51207-a13d-4ef7-a449-1a148a285e09-sub-c|3]
2026-09-23T06:28:28Z	subs[2|1;3|2]	payments[failed|2;requires_action|2;succeeded|1]	invoices[1|1|2;6|0|2]	rows[weknora-t02-3dc51207-a13d-4ef7-a449-1a148a285e09-sub-a|3;weknora-t02-3dc51207-a13d-4ef7-a449-1a148a285e09-sub-b|2;weknora-t02-3dc51207-a13d-4ef7-a449-1a148a285e09-sub-c|3]
2026-09-23T06:28:30Z	subs[2|1;3|2]	payments[failed|2;requires_action|2;succeeded|1]	invoices[1|1|2;6|0|2]	rows[weknora-t02-3dc51207-a13d-4ef7-a449-1a148a285e09-sub-a|3;weknora-t02-3dc51207-a13d-4ef7-a449-1a148a285e09-sub-b|2;weknora-t02-3dc51207-a13d-4ef7-a449-1a148a285e09-sub-c|3]
2026-09-23T06:28:33Z	subs[2|1;3|2]	payments[failed|2;requires_action|2;succeeded|1]	invoices[1|1|2;6|0|2]	rows[weknora-t02-3dc51207-a13d-4ef7-a449-1a148a285e09-sub-a|3;weknora-t02-3dc51207-a13d-4ef7-a449-1a148a285e09-sub-b|2;weknora-t02-3dc51207-a13d-4ef7-a449-1a148a285e09-sub-c|3]
2026-09-23T06:28:36Z	subs[2|1;3|2]	payments[failed|2;requires_action|2;succeeded|1]	invoices[1|1|2;6|0|2]	rows[weknora-t02-3dc51207-a13d-4ef7-a449-1a148a285e09-sub-a|3;weknora-t02-3dc51207-a13d-4ef7-a449-1a148a285e09-sub-b|2;weknora-t02-3dc51207-a13d-4ef7-a449-1a148a285e09-sub-c|3]
2026-09-23T06:28:39Z	subs[2|1;3|2]	payments[failed|2;requires_action|2;succeeded|1]	invoices[1|1|2;6|0|2]	rows[weknora-t02-3dc51207-a13d-4ef7-a449-1a148a285e09-sub-a|3;weknora-t02-3dc51207-a13d-4ef7-a449-1a148a285e09-sub-b|2;weknora-t02-3dc51207-a13d-4ef7-a449-1a148a285e09-sub-c|3]
2026-09-23T06:28:41Z	subs[2|1;3|2]	payments[failed|2;requires_action|2;succeeded|1]	invoices[1|1|2;6|0|2]	rows[weknora-t02-3dc51207-a13d-4ef7-a449-1a148a285e09-sub-a|3;weknora-t02-3dc51207-a13d-4ef7-a449-1a148a285e09-sub-b|2;weknora-t02-3dc51207-a13d-4ef7-a449-1a148a285e09-sub-c|3]
2026-09-23T06:28:43Z	subs[2|1;3|2]	payments[failed|2;requires_action|2;succeeded|1]	invoices[1|1|2;6|0|2]	rows[weknora-t02-3dc51207-a13d-4ef7-a449-1a148a285e09-sub-a|3;weknora-t02-3dc51207-a13d-4ef7-a449-1a148a285e09-sub-b|2;weknora-t02-3dc51207-a13d-4ef7-a449-1a148a285e09-sub-c|3]
2026-09-23T06:28:46Z	subs[2|1;3|2]	payments[failed|2;requires_action|2;succeeded|1]	invoices[1|1|2;6|0|2]	rows[weknora-t02-3dc51207-a13d-4ef7-a449-1a148a285e09-sub-a|3;weknora-t02-3dc51207-a13d-4ef7-a449-1a148a285e09-sub-b|2;weknora-t02-3dc51207-a13d-4ef7-a449-1a148a285e09-sub-c|3]
2026-09-23T06:28:49Z	subs[2|1;3|2]	payments[failed|2;requires_action|2;succeeded|1]	invoices[1|1|2;6|0|2]	rows[weknora-t02-3dc51207-a13d-4ef7-a449-1a148a285e09-sub-a|3;weknora-t02-3dc51207-a13d-4ef7-a449-1a148a285e09-sub-b|2;weknora-t02-3dc51207-a13d-4ef7-a449-1a148a285e09-sub-c|3]
2026-09-23T06:28:51Z	subs[2|1;3|2]	payments[failed|2;requires_action|2;succeeded|1]	invoices[1|1|2;6|0|2]	rows[weknora-t02-3dc51207-a13d-4ef7-a449-1a148a285e09-sub-a|3;weknora-t02-3dc51207-a13d-4ef7-a449-1a148a285e09-sub-b|2;weknora-t02-3dc51207-a13d-4ef7-a449-1a148a285e09-sub-c|3]
2026-09-23T06:28:54Z	subs[2|1;3|2]	payments[failed|2;requires_action|2;succeeded|1]	invoices[1|1|2;6|0|2]	rows[weknora-t02-3dc51207-a13d-4ef7-a449-1a148a285e09-sub-a|3;weknora-t02-3dc51207-a13d-4ef7-a449-1a148a285e09-sub-b|2;weknora-t02-3dc51207-a13d-4ef7-a449-1a148a285e09-sub-c|3]
2026-09-23T06:28:56Z	subs[2|1;3|2]	payments[failed|2;requires_action|2;succeeded|1]	invoices[1|1|2;6|0|2]	rows[weknora-t02-3dc51207-a13d-4ef7-a449-1a148a285e09-sub-a|3;weknora-t02-3dc51207-a13d-4ef7-a449-1a148a285e09-sub-b|2;weknora-t02-3dc51207-a13d-4ef7-a449-1a148a285e09-sub-c|3]
2026-09-23T06:28:59Z	subs[2|1;3|2]	payments[failed|2;requires_action|2;succeeded|1]	invoices[1|1|2;6|0|2]	rows[weknora-t02-3dc51207-a13d-4ef7-a449-1a148a285e09-sub-a|3;weknora-t02-3dc51207-a13d-4ef7-a449-1a148a285e09-sub-b|2;weknora-t02-3dc51207-a13d-4ef7-a449-1a148a285e09-sub-c|3]
2026-09-23T06:29:01Z	subs[2|1;3|2]	payments[failed|2;requires_action|2;succeeded|1]	invoices[1|1|2;6|0|2]	rows[weknora-t02-3dc51207-a13d-4ef7-a449-1a148a285e09-sub-a|3;weknora-t02-3dc51207-a13d-4ef7-a449-1a148a285e09-sub-b|2;weknora-t02-3dc51207-a13d-4ef7-a449-1a148a285e09-sub-c|3]
2026-09-23T06:29:05Z	subs[2|1;3|2]	payments[failed|2;requires_action|2;succeeded|1]	invoices[1|1|2;6|0|2]	rows[weknora-t02-3dc51207-a13d-4ef7-a449-1a148a285e09-sub-a|3;weknora-t02-3dc51207-a13d-4ef7-a449-1a148a285e09-sub-b|2;weknora-t02-3dc51207-a13d-4ef7-a449-1a148a285e09-sub-c|3]
2026-09-23T06:29:08Z	subs[2|1;3|2]	payments[failed|2;requires_action|2;succeeded|1]	invoices[1|1|2;6|0|2]	rows[weknora-t02-3dc51207-a13d-4ef7-a449-1a148a285e09-sub-a|3;weknora-t02-3dc51207-a13d-4ef7-a449-1a148a285e09-sub-b|2;weknora-t02-3dc51207-a13d-4ef7-a449-1a148a285e09-sub-c|3]
2026-09-23T06:29:11Z	subs[2|1;3|2]	payments[failed|2;requires_action|2;succeeded|1]	invoices[1|1|2;6|0|2]	rows[weknora-t02-3dc51207-a13d-4ef7-a449-1a148a285e09-sub-a|3;weknora-t02-3dc51207-a13d-4ef7-a449-1a148a285e09-sub-b|2;weknora-t02-3dc51207-a13d-4ef7-a449-1a148a285e09-sub-c|3]
2026-09-23T06:29:13Z	subs[2|1;3|2]	payments[failed|2;requires_action|2;succeeded|1]	invoices[1|1|2;6|0|2]	rows[weknora-t02-3dc51207-a13d-4ef7-a449-1a148a285e09-sub-a|3;weknora-t02-3dc51207-a13d-4ef7-a449-1a148a285e09-sub-b|2;weknora-t02-3dc51207-a13d-4ef7-a449-1a148a285e09-sub-c|3]
2026-09-23T06:29:16Z	subs[2|1;3|2]	payments[failed|2;requires_action|2;succeeded|1]	invoices[1|1|2;6|0|2]	rows[weknora-t02-3dc51207-a13d-4ef7-a449-1a148a285e09-sub-a|3;weknora-t02-3dc51207-a13d-4ef7-a449-1a148a285e09-sub-b|2;weknora-t02-3dc51207-a13d-4ef7-a449-1a148a285e09-sub-c|3]
2026-09-23T06:29:18Z	subs[2|1;3|2]	payments[failed|2;requires_action|2;succeeded|1]	invoices[1|1|2;6|0|2]	rows[weknora-t02-3dc51207-a13d-4ef7-a449-1a148a285e09-sub-a|3;weknora-t02-3dc51207-a13d-4ef7-a449-1a148a285e09-sub-b|2;weknora-t02-3dc51207-a13d-4ef7-a449-1a148a285e09-sub-c|3]
2026-09-23T06:29:21Z	subs[2|1;3|2]	payments[failed|2;requires_action|2;succeeded|1]	invoices[1|1|2;6|0|2]	rows[weknora-t02-3dc51207-a13d-4ef7-a449-1a148a285e09-sub-a|3;weknora-t02-3dc51207-a13d-4ef7-a449-1a148a285e09-sub-b|2;weknora-t02-3dc51207-a13d-4ef7-a449-1a148a285e09-sub-c|3]
2026-09-23T06:29:24Z	subs[2|1;3|2]	payments[failed|2;requires_action|2;succeeded|1]	invoices[1|1|2;6|0|2]	rows[weknora-t02-3dc51207-a13d-4ef7-a449-1a148a285e09-sub-a|3;weknora-t02-3dc51207-a13d-4ef7-a449-1a148a285e09-sub-b|2;weknora-t02-3dc51207-a13d-4ef7-a449-1a148a285e09-sub-c|3]
2026-09-23T06:29:26Z	subs[2|1;3|2]	payments[failed|2;requires_action|2;succeeded|1]	invoices[1|1|2;6|0|2]	rows[weknora-t02-3dc51207-a13d-4ef7-a449-1a148a285e09-sub-a|3;weknora-t02-3dc51207-a13d-4ef7-a449-1a148a285e09-sub-b|2;weknora-t02-3dc51207-a13d-4ef7-a449-1a148a285e09-sub-c|3]
2026-09-23T06:29:29Z	subs[2|1;3|2]	payments[failed|2;requires_action|2;succeeded|1]	invoices[1|1|2;6|0|2]	rows[weknora-t02-3dc51207-a13d-4ef7-a449-1a148a285e09-sub-a|3;weknora-t02-3dc51207-a13d-4ef7-a449-1a148a285e09-sub-b|2;weknora-t02-3dc51207-a13d-4ef7-a449-1a148a285e09-sub-c|3]
2026-09-23T06:29:31Z	subs[2|1;3|2]	payments[failed|2;requires_action|2;succeeded|1]	invoices[1|1|2;6|0|2]	rows[weknora-t02-3dc51207-a13d-4ef7-a449-1a148a285e09-sub-a|3;weknora-t02-3dc51207-a13d-4ef7-a449-1a148a285e09-sub-b|2;weknora-t02-3dc51207-a13d-4ef7-a449-1a148a285e09-sub-c|3]
2026-09-23T06:29:34Z	subs[2|1;3|2]	payments[failed|2;requires_action|2;succeeded|1]	invoices[1|1|2;6|0|2]	rows[weknora-t02-3dc51207-a13d-4ef7-a449-1a148a285e09-sub-a|3;weknora-t02-3dc51207-a13d-4ef7-a449-1a148a285e09-sub-b|2;weknora-t02-3dc51207-a13d-4ef7-a449-1a148a285e09-sub-c|3]
2026-09-23T06:29:36Z	subs[2|1;3|2]	payments[failed|2;requires_action|2;succeeded|1]	invoices[1|1|2;6|0|2]	rows[weknora-t02-3dc51207-a13d-4ef7-a449-1a148a285e09-sub-a|3;weknora-t02-3dc51207-a13d-4ef7-a449-1a148a285e09-sub-b|2;weknora-t02-3dc51207-a13d-4ef7-a449-1a148a285e09-sub-c|3]
2026-09-23T06:29:39Z	subs[2|1;3|2]	payments[failed|2;requires_action|2;succeeded|1]	invoices[1|1|2;6|0|2]	rows[weknora-t02-3dc51207-a13d-4ef7-a449-1a148a285e09-sub-a|3;weknora-t02-3dc51207-a13d-4ef7-a449-1a148a285e09-sub-b|2;weknora-t02-3dc51207-a13d-4ef7-a449-1a148a285e09-sub-c|3]
2026-09-23T06:29:41Z	subs[2|1;3|2]	payments[failed|2;requires_action|2;succeeded|1]	invoices[1|1|2;6|0|2]	rows[weknora-t02-3dc51207-a13d-4ef7-a449-1a148a285e09-sub-a|3;weknora-t02-3dc51207-a13d-4ef7-a449-1a148a285e09-sub-b|2;weknora-t02-3dc51207-a13d-4ef7-a449-1a148a285e09-sub-c|3]
2026-09-23T06:29:43Z	subs[2|1;3|2]	payments[failed|2;requires_action|2;succeeded|1]	invoices[1|1|2;6|0|2]	rows[weknora-t02-3dc51207-a13d-4ef7-a449-1a148a285e09-sub-a|3;weknora-t02-3dc51207-a13d-4ef7-a449-1a148a285e09-sub-b|2;weknora-t02-3dc51207-a13d-4ef7-a449-1a148a285e09-sub-c|3]
2026-09-23T06:29:46Z	subs[2|1;3|2]	payments[failed|2;requires_action|2;succeeded|1]	invoices[1|1|2;6|0|2]	rows[weknora-t02-3dc51207-a13d-4ef7-a449-1a148a285e09-sub-a|3;weknora-t02-3dc51207-a13d-4ef7-a449-1a148a285e09-sub-b|2;weknora-t02-3dc51207-a13d-4ef7-a449-1a148a285e09-sub-c|3]
2026-09-23T06:29:48Z	subs[2|1;3|2]	payments[failed|2;requires_action|2;succeeded|1]	invoices[1|1|2;6|0|2]	rows[weknora-t02-3dc51207-a13d-4ef7-a449-1a148a285e09-sub-a|3;weknora-t02-3dc51207-a13d-4ef7-a449-1a148a285e09-sub-b|2;weknora-t02-3dc51207-a13d-4ef7-a449-1a148a285e09-sub-c|3]
2026-09-23T06:29:51Z	subs[2|1;3|2]	payments[failed|2;requires_action|2;succeeded|1]	invoices[1|1|2;6|0|2]	rows[weknora-t02-3dc51207-a13d-4ef7-a449-1a148a285e09-sub-a|3;weknora-t02-3dc51207-a13d-4ef7-a449-1a148a285e09-sub-b|2;weknora-t02-3dc51207-a13d-4ef7-a449-1a148a285e09-sub-c|3]
2026-09-23T06:29:54Z	subs[2|1;3|2]	payments[failed|2;requires_action|2;succeeded|1]	invoices[1|1|2;6|0|2]	rows[weknora-t02-3dc51207-a13d-4ef7-a449-1a148a285e09-sub-a|3;weknora-t02-3dc51207-a13d-4ef7-a449-1a148a285e09-sub-b|2;weknora-t02-3dc51207-a13d-4ef7-a449-1a148a285e09-sub-c|3]
