2026-09-23T10:19:57Z	subs[]	payments[]	invoices[]	rows[]
2026-09-23T10:20:00Z	subs[]	payments[]	invoices[]	rows[]
2026-09-23T10:20:02Z	subs[]	payments[]	invoices[]	rows[]
2026-09-23T10:20:05Z	subs[]	payments[]	invoices[]	rows[]
2026-09-23T10:20:07Z	subs[]	payments[]	invoices[]	rows[]
2026-09-23T10:20:09Z	subs[]	payments[]	invoices[]	rows[]
2026-09-23T10:20:11Z	subs[]	payments[]	invoices[]	rows[]
2026-09-23T10:20:14Z	subs[]	payments[]	invoices[]	rows[]
2026-09-23T10:20:16Z	subs[]	payments[]	invoices[]	rows[]
2026-09-23T10:20:18Z	subs[]	payments[]	invoices[]	rows[]
2026-09-23T10:20:21Z	subs[]	payments[]	invoices[]	rows[]
2026-09-23T10:20:23Z	subs[4|1]	payments[pending|1]	invoices[5|0|1]	rows[weknora-t02-4a2b4326-93d6-49ed-84db-54b24eafba30-sub-a|4]
2026-09-23T10:20:25Z	subs[4|1]	payments[failed|1]	invoices[5|0|1]	rows[weknora-t02-4a2b4326-93d6-49ed-84db-54b24eafba30-sub-a|4]
2026-09-23T10:20:28Z	subs[4|1]	payments[failed|1]	invoices[5|0|1]	rows[weknora-t02-4a2b4326-93d6-49ed-84db-54b24eafba30-sub-a|4]
2026-09-23T10:20:30Z	subs[4|1]	payments[failed|1]	invoices[5|0|1]	rows[weknora-t02-4a2b4326-93d6-49ed-84db-54b24eafba30-sub-a|4]
2026-09-23T10:20:32Z	subs[4|1]	payments[failed|1;requires_action|1]	invoices[5|0|1]	rows[weknora-t02-4a2b4326-93d6-49ed-84db-54b24eafba30-sub-a|4]
2026-09-23T10:20:35Z	subs[4|1]	payments[failed|1;requires_action|1]	invoices[5|0|1]	rows[weknora-t02-4a2b4326-93d6-49ed-84db-54b24eafba30-sub-a|4]
2026-09-23T10:20:37Z	subs[4|1]	payments[failed|1;requires_action|1]	invoices[5|0|1]	rows[weknora-t02-4a2b4326-93d6-49ed-84db-54b24eafba30-sub-a|4]
2026-09-23T10:20:39Z	subs[4|1]	payments[failed|1;requires_action|1]	invoices[5|0|1]	rows[weknora-t02-4a2b4326-93d6-49ed-84db-54b24eafba30-sub-a|4]
2026-09-23T10:20:42Z	subs[4|1]	payments[failed|1;requires_action|1]	invoices[5|0|1]	rows[weknora-t02-4a2b4326-93d6-49ed-84db-54b24eafba30-sub-a|4]
2026-09-23T10:20:44Z	subs[4|1]	payments[failed|1;requires_action|1]	invoices[5|0|1]	rows[weknora-t02-4a2b4326-93d6-49ed-84db-54b24eafba30-sub-a|4]
2026-09-23T10:20:46Z	subs[4|1]	payments[failed|1;requires_action|1]	invoices[5|0|1]	rows[weknora-t02-4a2b4326-93d6-49ed-84db-54b24eafba30-sub-a|4]
2026-09-23T10:20:48Z	subs[4|1]	payments[failed|1;requires_action|1]	invoices[5|0|1]	rows[weknora-t02-4a2b4326-93d6-49ed-84db-54b24eafba30-sub-a|4]
2026-09-23T10:20:51Z	subs[4|1]	payments[failed|1;requires_action|1]	invoices[5|0|1]	rows[weknora-t02-4a2b4326-93d6-49ed-84db-54b24eafba30-sub-a|4]
2026-09-23T10:20:53Z	subs[4|1]	payments[failed|1;requires_action|1]	invoices[5|0|1]	rows[weknora-t02-4a2b4326-93d6-49ed-84db-54b24eafba30-sub-a|4]
2026-09-23T10:20:55Z	subs[4|1]	payments[failed|1;requires_action|1]	invoices[5|0|1]	rows[weknora-t02-4a2b4326-93d6-49ed-84db-54b24eafba30-sub-a|4]
2026-09-23T10:20:58Z	subs[4|1]	payments[failed|1;requires_action|1]	invoices[5|0|1]	rows[weknora-t02-4a2b4326-93d6-49ed-84db-54b24eafba30-sub-a|4]
2026-09-23T10:21:00Z	subs[4|1]	payments[failed|1;requires_action|1]	invoices[5|0|1]	rows[weknora-t02-4a2b4326-93d6-49ed-84db-54b24eafba30-sub-a|4]
2026-09-23T10:21:02Z	subs[4|1]	payments[failed|1;requires_action|1]	invoices[5|0|1]	rows[weknora-t02-4a2b4326-93d6-49ed-84db-54b24eafba30-sub-a|4]
2026-09-23T10:21:05Z	subs[4|1]	payments[failed|1;requires_action|1]	invoices[5|0|1]	rows[weknora-t02-4a2b4326-93d6-49ed-84db-54b24eafba30-sub-a|4]
2026-09-23T10:21:07Z	subs[4|1]	payments[failed|1;requires_action|1]	invoices[5|0|1]	rows[weknora-t02-4a2b4326-93d6-49ed-84db-54b24eafba30-sub-a|4]
2026-09-23T10:21:09Z	subs[4|1]	payments[failed|1;requires_action|1]	invoices[5|0|1]	rows[weknora-t02-4a2b4326-93d6-49ed-84db-54b24eafba30-sub-a|4]
2026-09-23T10:21:12Z	subs[4|1]	payments[failed|1;requires_action|1]	invoices[5|0|1]	rows[weknora-t02-4a2b4326-93d6-49ed-84db-54b24eafba30-sub-a|4]
2026-09-23T10:21:14Z	subs[4|1]	payments[failed|1;requires_action|1]	invoices[5|0|1]	rows[weknora-t02-4a2b4326-93d6-49ed-84db-54b24eafba30-sub-a|4]
2026-09-23T10:21:16Z	subs[4|1]	payments[failed|1;requires_action|1]	invoices[5|0|1]	rows[weknora-t02-4a2b4326-93d6-49ed-84db-54b24eafba30-sub-a|4]
2026-09-23T10:21:19Z	subs[4|1]	payments[failed|1;requires_action|1]	invoices[5|0|1]	rows[weknora-t02-4a2b4326-93d6-49ed-84db-54b24eafba30-sub-a|4]
2026-09-23T10:21:21Z	subs[4|1]	payments[failed|1;requires_action|1]	invoices[5|0|1]	rows[weknora-t02-4a2b4326-93d6-49ed-84db-54b24eafba30-sub-a|4]
2026-09-23T10:21:23Z	subs[4|1]	payments[failed|1;requires_action|1]	invoices[5|0|1]	rows[weknora-t02-4a2b4326-93d6-49ed-84db-54b24eafba30-sub-a|4]
2026-09-23T10:21:26Z	subs[4|1]	payments[failed|1;requires_action|1]	invoices[5|0|1]	rows[weknora-t02-4a2b4326-93d6-49ed-84db-54b24eafba30-sub-a|4]
2026-09-23T10:21:28Z	subs[4|1]	payments[failed|1;requires_action|1]	invoices[5|0|1]	rows[weknora-t02-4a2b4326-93d6-49ed-84db-54b24eafba30-sub-a|4]
2026-09-23T10:21:30Z	subs[4|1]	payments[failed|1;requires_action|1]	invoices[5|0|1]	rows[weknora-t02-4a2b4326-93d6-49ed-84db-54b24eafba30-sub-a|4]
2026-09-23T10:21:33Z	subs[4|1]	payments[failed|1;requires_action|1]	invoices[5|0|1]	rows[weknora-t02-4a2b4326-93d6-49ed-84db-54b24eafba30-sub-a|4]
2026-09-23T10:21:35Z	subs[4|1]	payments[failed|1;requires_action|1]	invoices[5|0|1]	rows[weknora-t02-4a2b4326-93d6-49ed-84db-54b24eafba30-sub-a|4]
2026-09-23T10:21:37Z	subs[4|1]	payments[failed|1;requires_action|1]	invoices[5|0|1]	rows[weknora-t02-4a2b4326-93d6-49ed-84db-54b24eafba30-sub-a|4]
2026-09-23T10:21:40Z	subs[4|1]	payments[failed|1;requires_action|1]	invoices[5|0|1]	rows[weknora-t02-4a2b4326-93d6-49ed-84db-54b24eafba30-sub-a|4]
2026-09-23T10:21:42Z	subs[4|1]	payments[failed|1;requires_action|1]	invoices[5|0|1]	rows[weknora-t02-4a2b4326-93d6-49ed-84db-54b24eafba30-sub-a|4]
2026-09-23T10:21:44Z	subs[4|1]	payments[failed|1;requires_action|1]	invoices[5|0|1]	rows[weknora-t02-4a2b4326-93d6-49ed-84db-54b24eafba30-sub-a|4]
2026-09-23T10:21:47Z	subs[4|1]	payments[failed|1;requires_action|1]	invoices[5|0|1]	rows[weknora-t02-4a2b4326-93d6-49ed-84db-54b24eafba30-sub-a|4]
2026-09-23T10:21:49Z	subs[4|1]	payments[failed|1;requires_action|1]	invoices[5|0|1]	rows[weknora-t02-4a2b4326-93d6-49ed-84db-54b24eafba30-sub-a|4]
2026-09-23T10:21:51Z	subs[4|1]	payments[failed|1;requires_action|1]	invoices[5|0|1]	rows[weknora-t02-4a2b4326-93d6-49ed-84db-54b24eafba30-sub-a|4]
2026-09-23T10:21:54Z	subs[4|1]	payments[failed|1;requires_action|1]	invoices[5|0|1]	rows[weknora-t02-4a2b4326-93d6-49ed-84db-54b24eafba30-sub-a|4]
2026-09-23T10:21:56Z	subs[4|1]	payments[failed|1;requires_action|1]	invoices[5|0|1]	rows[weknora-t02-4a2b4326-93d6-49ed-84db-54b24eafba30-sub-a|4]
2026-09-23T10:21:58Z	subs[4|1]	payments[failed|1;requires_action|1]	invoices[5|0|1]	rows[weknora-t02-4a2b4326-93d6-49ed-84db-54b24eafba30-sub-a|4]
2026-09-23T10:22:00Z	subs[4|1]	payments[failed|1;requires_action|1]	invoices[5|0|1]	rows[weknora-t02-4a2b4326-93d6-49ed-84db-54b24eafba30-sub-a|4]
2026-09-23T10:22:03Z	subs[4|1]	payments[failed|1;requires_action|1]	invoices[5|0|1]	rows[weknora-t02-4a2b4326-93d6-49ed-84db-54b24eafba30-sub-a|4]
2026-09-23T10:22:05Z	subs[4|1]	payments[failed|1;requires_action|1]	invoices[5|0|1]	rows[weknora-t02-4a2b4326-93d6-49ed-84db-54b24eafba30-sub-a|4]
2026-09-23T10:22:07Z	subs[4|1]	payments[failed|1;requires_action|1]	invoices[5|0|1]	rows[weknora-t02-4a2b4326-93d6-49ed-84db-54b24eafba30-sub-a|4]
2026-09-23T10:22:10Z	subs[4|1]	payments[failed|1;requires_action|1]	invoices[5|0|1]	rows[weknora-t02-4a2b4326-93d6-49ed-84db-54b24eafba30-sub-a|4]
2026-09-23T10:22:12Z	subs[4|1]	payments[failed|1;requires_action|1]	invoices[5|0|1]	rows[weknora-t02-4a2b4326-93d6-49ed-84db-54b24eafba30-sub-a|4]
2026-09-23T10:22:14Z	subs[4|1]	payments[failed|1;requires_action|1]	invoices[5|0|1]	rows[weknora-t02-4a2b4326-93d6-49ed-84db-54b24eafba30-sub-a|4]
2026-09-23T10:22:17Z	subs[4|1]	payments[failed|1;requires_action|1]	invoices[5|0|1]	rows[weknora-t02-4a2b4326-93d6-49ed-84db-54b24eafba30-sub-a|4]
2026-09-23T10:22:19Z	subs[4|1]	payments[failed|1;requires_action|1]	invoices[5|0|1]	rows[weknora-t02-4a2b4326-93d6-49ed-84db-54b24eafba30-sub-a|4]
2026-09-23T10:22:21Z	subs[4|1]	payments[failed|1;requires_action|1]	invoices[5|0|1]	rows[weknora-t02-4a2b4326-93d6-49ed-84db-54b24eafba30-sub-a|4]
2026-09-23T10:22:24Z	subs[4|1]	payments[failed|1;requires_action|1]	invoices[5|0|1]	rows[weknora-t02-4a2b4326-93d6-49ed-84db-54b24eafba30-sub-a|4]
2026-09-23T10:22:26Z	subs[4|1]	payments[failed|1;requires_action|1]	invoices[5|0|1]	rows[weknora-t02-4a2b4326-93d6-49ed-84db-54b24eafba30-sub-a|4]
2026-09-23T10:22:28Z	subs[4|1]	payments[failed|1;requires_action|1]	invoices[5|0|1]	rows[weknora-t02-4a2b4326-93d6-49ed-84db-54b24eafba30-sub-a|4]
2026-09-23T10:22:31Z	subs[4|1]	payments[failed|1;requires_action|1]	invoices[5|0|1]	rows[weknora-t02-4a2b4326-93d6-49ed-84db-54b24eafba30-sub-a|4]
2026-09-23T10:22:33Z	subs[4|1]	payments[failed|1;requires_action|1]	invoices[5|0|1]	rows[weknora-t02-4a2b4326-93d6-49ed-84db-54b24eafba30-sub-a|4]
2026-09-23T10:22:35Z	subs[4|1]	payments[failed|1;requires_action|1]	invoices[5|0|1]	rows[weknora-t02-4a2b4326-93d6-49ed-84db-54b24eafba30-sub-a|4]
2026-09-23T10:22:38Z	subs[4|1]	payments[failed|1;requires_action|1]	invoices[5|0|1]	rows[weknora-t02-4a2b4326-93d6-49ed-84db-54b24eafba30-sub-a|4]
2026-09-23T10:22:40Z	subs[4|1]	payments[failed|1;requires_action|1]	invoices[5|0|1]	rows[weknora-t02-4a2b4326-93d6-49ed-84db-54b24eafba30-sub-a|4]
2026-09-23T10:22:42Z	subs[4|1]	payments[failed|1;requires_action|1]	invoices[5|0|1]	rows[weknora-t02-4a2b4326-93d6-49ed-84db-54b24eafba30-sub-a|4]
2026-09-23T10:22:44Z	subs[4|1]	payments[failed|1;requires_action|1]	invoices[5|0|1]	rows[weknora-t02-4a2b4326-93d6-49ed-84db-54b24eafba30-sub-a|4]
2026-09-23T10:22:47Z	subs[4|1]	payments[failed|1;requires_action|1]	invoices[5|0|1]	rows[weknora-t02-4a2b4326-93d6-49ed-84db-54b24eafba30-sub-a|4]
2026-09-23T10:22:49Z	subs[4|1]	payments[failed|1;requires_action|1]	invoices[5|0|1]	rows[weknora-t02-4a2b4326-93d6-49ed-84db-54b24eafba30-sub-a|4]
2026-09-23T10:22:52Z	subs[4|1]	payments[failed|1;requires_action|1]	invoices[5|0|1]	rows[weknora-t02-4a2b4326-93d6-49ed-84db-54b24eafba30-sub-a|4]
2026-09-23T10:22:54Z	subs[4|1]	payments[failed|1;requires_action|1]	invoices[5|0|1]	rows[weknora-t02-4a2b4326-93d6-49ed-84db-54b24eafba30-sub-a|4]
2026-09-23T10:22:56Z	subs[4|1]	payments[failed|1;requires_action|1]	invoices[5|0|1]	rows[weknora-t02-4a2b4326-93d6-49ed-84db-54b24eafba30-sub-a|4]
2026-09-23T10:22:59Z	subs[4|1]	payments[failed|1;requires_action|1]	invoices[5|0|1]	rows[weknora-t02-4a2b4326-93d6-49ed-84db-54b24eafba30-sub-a|4]
2026-09-23T10:23:01Z	subs[4|1]	payments[failed|1;requires_action|1]	invoices[5|0|1]	rows[weknora-t02-4a2b4326-93d6-49ed-84db-54b24eafba30-sub-a|4]
2026-09-23T10:23:04Z	subs[4|1]	payments[failed|1;requires_action|1]	invoices[5|0|1]	rows[weknora-t02-4a2b4326-93d6-49ed-84db-54b24eafba30-sub-a|4]
2026-09-23T10:23:06Z	subs[4|1]	payments[failed|1;requires_action|1]	invoices[5|0|1]	rows[weknora-t02-4a2b4326-93d6-49ed-84db-54b24eafba30-sub-a|4]
2026-09-23T10:23:09Z	subs[4|1]	payments[failed|1;requires_action|1]	invoices[5|0|1]	rows[weknora-t02-4a2b4326-93d6-49ed-84db-54b24eafba30-sub-a|4]
2026-09-23T10:23:11Z	subs[4|1]	payments[failed|1;requires_action|1]	invoices[5|0|1]	rows[weknora-t02-4a2b4326-93d6-49ed-84db-54b24eafba30-sub-a|4]
2026-09-23T10:23:14Z	subs[4|1]	payments[failed|1;requires_action|1]	invoices[5|0|1]	rows[weknora-t02-4a2b4326-93d6-49ed-84db-54b24eafba30-sub-a|4]
2026-09-23T10:23:16Z	subs[4|1]	payments[failed|1;requires_action|1]	invoices[5|0|1]	rows[weknora-t02-4a2b4326-93d6-49ed-84db-54b24eafba30-sub-a|4]
2026-09-23T10:23:18Z	subs[4|1]	payments[failed|1;requires_action|1]	invoices[5|0|1]	rows[weknora-t02-4a2b4326-93d6-49ed-84db-54b24eafba30-sub-a|4]
2026-09-23T10:23:21Z	subs[4|1]	payments[failed|1;requires_action|1]	invoices[5|0|1]	rows[weknora-t02-4a2b4326-93d6-49ed-84db-54b24eafba30-sub-a|4]
2026-09-23T10:23:23Z	subs[4|1]	payments[failed|1;requires_action|1]	invoices[5|0|1]	rows[weknora-t02-4a2b4326-93d6-49ed-84db-54b24eafba30-sub-a|4]
2026-09-23T10:23:25Z	subs[4|1]	payments[failed|1;requires_action|1]	invoices[5|0|1]	rows[weknora-t02-4a2b4326-93d6-49ed-84db-54b24eafba30-sub-a|4]
2026-09-23T10:23:28Z	subs[4|1]	payments[failed|1;requires_action|1]	invoices[5|0|1]	rows[weknora-t02-4a2b4326-93d6-49ed-84db-54b24eafba30-sub-a|4]
2026-09-23T10:23:30Z	subs[4|1]	payments[failed|1;requires_action|1]	invoices[5|0|1]	rows[weknora-t02-4a2b4326-93d6-49ed-84db-54b24eafba30-sub-a|4]
2026-09-23T10:23:33Z	subs[4|1]	payments[failed|1;requires_action|1]	invoices[5|0|1]	rows[weknora-t02-4a2b4326-93d6-49ed-84db-54b24eafba30-sub-a|4]
2026-09-23T10:23:35Z	subs[4|1]	payments[failed|1;requires_action|1]	invoices[5|0|1]	rows[weknora-t02-4a2b4326-93d6-49ed-84db-54b24eafba30-sub-a|4]
2026-09-23T10:23:38Z	subs[4|1]	payments[failed|1;requires_action|1]	invoices[5|0|1]	rows[weknora-t02-4a2b4326-93d6-49ed-84db-54b24eafba30-sub-a|4]
2026-09-23T10:23:40Z	subs[4|1]	payments[failed|1;requires_action|1]	invoices[5|0|1]	rows[weknora-t02-4a2b4326-93d6-49ed-84db-54b24eafba30-sub-a|4]
2026-09-23T10:23:42Z	subs[4|1]	payments[failed|1;requires_action|1]	invoices[5|0|1]	rows[weknora-t02-4a2b4326-93d6-49ed-84db-54b24eafba30-sub-a|4]
2026-09-23T10:23:45Z	subs[4|1]	payments[failed|1;requires_action|1]	invoices[5|0|1]	rows[weknora-t02-4a2b4326-93d6-49ed-84db-54b24eafba30-sub-a|4]
2026-09-23T10:23:47Z	subs[4|1]	payments[failed|1;requires_action|1]	invoices[5|0|1]	rows[weknora-t02-4a2b4326-93d6-49ed-84db-54b24eafba30-sub-a|4]
2026-09-23T10:23:49Z	subs[4|1]	payments[failed|1;requires_action|1]	invoices[5|0|1]	rows[weknora-t02-4a2b4326-93d6-49ed-84db-54b24eafba30-sub-a|4]
2026-09-23T10:23:52Z	subs[4|1]	payments[failed|1;requires_action|1]	invoices[5|0|1]	rows[weknora-t02-4a2b4326-93d6-49ed-84db-54b24eafba30-sub-a|4]
2026-09-23T10:23:54Z	subs[4|1]	payments[failed|1;requires_action|1]	invoices[5|0|1]	rows[weknora-t02-4a2b4326-93d6-49ed-84db-54b24eafba30-sub-a|4]
2026-09-23T10:23:56Z	subs[4|1]	payments[failed|1;requires_action|1]	invoices[5|0|1]	rows[weknora-t02-4a2b4326-93d6-49ed-84db-54b24eafba30-sub-a|4]
2026-09-23T10:23:59Z	subs[4|1]	payments[failed|1;requires_action|1]	invoices[5|0|1]	rows[weknora-t02-4a2b4326-93d6-49ed-84db-54b24eafba30-sub-a|4]
2026-09-23T10:24:01Z	subs[4|1]	payments[failed|1;requires_action|1]	invoices[5|0|1]	rows[weknora-t02-4a2b4326-93d6-49ed-84db-54b24eafba30-sub-a|4]
2026-09-23T10:24:03Z	subs[4|1]	payments[failed|1;requires_action|1]	invoices[5|0|1]	rows[weknora-t02-4a2b4326-93d6-49ed-84db-54b24eafba30-sub-a|4]
2026-09-23T10:24:06Z	subs[4|1]	payments[failed|1;requires_action|1]	invoices[5|0|1]	rows[weknora-t02-4a2b4326-93d6-49ed-84db-54b24eafba30-sub-a|4]
2026-09-23T10:24:08Z	subs[4|1]	payments[failed|1;requires_action|1]	invoices[5|0|1]	rows[weknora-t02-4a2b4326-93d6-49ed-84db-54b24eafba30-sub-a|4]
2026-09-23T10:24:10Z	subs[4|1]	payments[failed|1;requires_action|1]	invoices[5|0|1]	rows[weknora-t02-4a2b4326-93d6-49ed-84db-54b24eafba30-sub-a|4]
2026-09-23T10:24:13Z	subs[4|1]	payments[failed|1;requires_action|1]	invoices[5|0|1]	rows[weknora-t02-4a2b4326-93d6-49ed-84db-54b24eafba30-sub-a|4]
2026-09-23T10:24:15Z	subs[4|1]	payments[failed|1;requires_action|1]	invoices[5|0|1]	rows[weknora-t02-4a2b4326-93d6-49ed-84db-54b24eafba30-sub-a|4]
2026-09-23T10:24:17Z	subs[4|1]	payments[failed|1;requires_action|1]	invoices[5|0|1]	rows[weknora-t02-4a2b4326-93d6-49ed-84db-54b24eafba30-sub-a|4]
2026-09-23T10:24:20Z	subs[4|1]	payments[failed|1;requires_action|1]	invoices[5|0|1]	rows[weknora-t02-4a2b4326-93d6-49ed-84db-54b24eafba30-sub-a|4]
2026-09-23T10:24:22Z	subs[4|1]	payments[failed|1;requires_action|1]	invoices[5|0|1]	rows[weknora-t02-4a2b4326-93d6-49ed-84db-54b24eafba30-sub-a|4]
2026-09-23T10:24:24Z	subs[4|1]	payments[failed|1;requires_action|1]	invoices[5|0|1]	rows[weknora-t02-4a2b4326-93d6-49ed-84db-54b24eafba30-sub-a|4]
2026-09-23T10:24:27Z	subs[4|1]	payments[failed|1;requires_action|1]	invoices[5|0|1]	rows[weknora-t02-4a2b4326-93d6-49ed-84db-54b24eafba30-sub-a|4]
2026-09-23T10:24:30Z	subs[4|1]	payments[failed|1;requires_action|1]	invoices[5|0|1]	rows[weknora-t02-4a2b4326-93d6-49ed-84db-54b24eafba30-sub-a|4]
2026-09-23T10:24:33Z	subs[4|1]	payments[failed|1;requires_action|1]	invoices[5|0|1]	rows[weknora-t02-4a2b4326-93d6-49ed-84db-54b24eafba30-sub-a|4]
2026-09-23T10:24:37Z	subs[4|1]	payments[failed|1;requires_action|1]	invoices[5|0|1]	rows[weknora-t02-4a2b4326-93d6-49ed-84db-54b24eafba30-sub-a|4]
2026-09-23T10:24:40Z	subs[4|1]	payments[failed|1;requires_action|1]	invoices[5|0|1]	rows[weknora-t02-4a2b4326-93d6-49ed-84db-54b24eafba30-sub-a|4]
2026-09-23T10:24:43Z	subs[4|1]	payments[failed|1;requires_action|1]	invoices[5|0|1]	rows[weknora-t02-4a2b4326-93d6-49ed-84db-54b24eafba30-sub-a|4]
2026-09-23T10:24:45Z	subs[4|1]	payments[failed|1;requires_action|1]	invoices[5|0|1]	rows[weknora-t02-4a2b4326-93d6-49ed-84db-54b24eafba30-sub-a|4]
2026-09-23T10:24:48Z	subs[4|1]	payments[failed|1;requires_action|1]	invoices[5|0|1]	rows[weknora-t02-4a2b4326-93d6-49ed-84db-54b24eafba30-sub-a|4]
2026-09-23T10:24:50Z	subs[4|1]	payments[failed|1;requires_action|1]	invoices[5|0|1]	rows[weknora-t02-4a2b4326-93d6-49ed-84db-54b24eafba30-sub-a|4]
2026-09-23T10:24:53Z	subs[4|1]	payments[failed|1;requires_action|1]	invoices[5|0|1]	rows[weknora-t02-4a2b4326-93d6-49ed-84db-54b24eafba30-sub-a|4]
2026-09-23T10:24:55Z	subs[4|1]	payments[failed|1;requires_action|1]	invoices[5|0|1]	rows[weknora-t02-4a2b4326-93d6-49ed-84db-54b24eafba30-sub-a|4]
2026-09-23T10:24:57Z	subs[4|1]	payments[failed|1;requires_action|1]	invoices[5|0|1]	rows[weknora-t02-4a2b4326-93d6-49ed-84db-54b24eafba30-sub-a|4]
2026-09-23T10:25:00Z	subs[4|1]	payments[failed|1;requires_action|1]	invoices[5|0|1]	rows[weknora-t02-4a2b4326-93d6-49ed-84db-54b24eafba30-sub-a|4]
2026-09-23T10:25:02Z	subs[4|1]	payments[failed|1;requires_action|1]	invoices[5|0|1]	rows[weknora-t02-4a2b4326-93d6-49ed-84db-54b24eafba30-sub-a|4]
2026-09-23T10:25:04Z	subs[4|1]	payments[failed|1;requires_action|1]	invoices[5|0|1]	rows[weknora-t02-4a2b4326-93d6-49ed-84db-54b24eafba30-sub-a|4]
2026-09-23T10:25:07Z	subs[4|1]	payments[failed|1;requires_action|1]	invoices[5|0|1]	rows[weknora-t02-4a2b4326-93d6-49ed-84db-54b24eafba30-sub-a|4]
2026-09-23T10:25:10Z	subs[4|1]	payments[failed|1;requires_action|1]	invoices[5|0|1]	rows[weknora-t02-4a2b4326-93d6-49ed-84db-54b24eafba30-sub-a|4]
2026-09-23T10:25:12Z	subs[4|1]	payments[failed|1;requires_action|1]	invoices[5|0|1]	rows[weknora-t02-4a2b4326-93d6-49ed-84db-54b24eafba30-sub-a|4]
2026-09-23T10:25:14Z	subs[4|1]	payments[failed|1;requires_action|1]	invoices[5|0|1]	rows[weknora-t02-4a2b4326-93d6-49ed-84db-54b24eafba30-sub-a|4]
2026-09-23T10:25:17Z	subs[4|1]	payments[failed|1;requires_action|1]	invoices[5|0|1]	rows[weknora-t02-4a2b4326-93d6-49ed-84db-54b24eafba30-sub-a|4]
2026-09-23T10:25:19Z	subs[4|1]	payments[failed|1;requires_action|1]	invoices[5|0|1]	rows[weknora-t02-4a2b4326-93d6-49ed-84db-54b24eafba30-sub-a|4]
2026-09-23T10:25:22Z	subs[4|1]	payments[failed|1;requires_action|1]	invoices[5|0|1]	rows[weknora-t02-4a2b4326-93d6-49ed-84db-54b24eafba30-sub-a|4]
2026-09-23T10:25:24Z	subs[4|2]	payments[failed|1;pending|1;requires_action|1]	invoices[5|0|2]	rows[weknora-t02-4a2b4326-93d6-49ed-84db-54b24eafba30-sub-a|4;weknora-t02-4a2b4326-93d6-49ed-84db-54b24eafba30-sub-b|4]
2026-09-23T10:25:26Z	subs[1|1;4|1]	payments[failed|1;requires_action|1;succeeded|1]	invoices[1|1|1;5|0|1]	rows[weknora-t02-4a2b4326-93d6-49ed-84db-54b24eafba30-sub-a|4;weknora-t02-4a2b4326-93d6-49ed-84db-54b24eafba30-sub-b|1]
2026-09-23T10:25:29Z	subs[1|1;4|1]	payments[failed|1;requires_action|1;succeeded|1]	invoices[1|1|1;5|0|1]	rows[weknora-t02-4a2b4326-93d6-49ed-84db-54b24eafba30-sub-a|4;weknora-t02-4a2b4326-93d6-49ed-84db-54b24eafba30-sub-b|1]
2026-09-23T10:25:31Z	subs[1|1;4|1]	payments[failed|1;requires_action|1;succeeded|1]	invoices[1|1|1;5|0|1]	rows[weknora-t02-4a2b4326-93d6-49ed-84db-54b24eafba30-sub-a|4;weknora-t02-4a2b4326-93d6-49ed-84db-54b24eafba30-sub-b|1]
2026-09-23T10:25:33Z	subs[1|1;4|1]	payments[failed|1;requires_action|1;succeeded|1]	invoices[1|1|1;5|0|1]	rows[weknora-t02-4a2b4326-93d6-49ed-84db-54b24eafba30-sub-a|4;weknora-t02-4a2b4326-93d6-49ed-84db-54b24eafba30-sub-b|1]
2026-09-23T10:25:36Z	subs[1|1;4|1]	payments[failed|1;requires_action|1;succeeded|1]	invoices[1|1|1;5|0|1]	rows[weknora-t02-4a2b4326-93d6-49ed-84db-54b24eafba30-sub-a|4;weknora-t02-4a2b4326-93d6-49ed-84db-54b24eafba30-sub-b|1]
2026-09-23T10:25:39Z	subs[1|1;4|1]	payments[failed|1;requires_action|1;succeeded|1]	invoices[1|1|1;5|0|1]	rows[weknora-t02-4a2b4326-93d6-49ed-84db-54b24eafba30-sub-a|4;weknora-t02-4a2b4326-93d6-49ed-84db-54b24eafba30-sub-b|1]
2026-09-23T10:25:41Z	subs[1|1;4|1]	payments[failed|1;requires_action|1;succeeded|1]	invoices[1|1|1;5|0|1]	rows[weknora-t02-4a2b4326-93d6-49ed-84db-54b24eafba30-sub-a|4;weknora-t02-4a2b4326-93d6-49ed-84db-54b24eafba30-sub-b|1]
2026-09-23T10:25:43Z	subs[1|1;4|1]	payments[failed|1;requires_action|1;succeeded|1]	invoices[1|1|1;5|0|1]	rows[weknora-t02-4a2b4326-93d6-49ed-84db-54b24eafba30-sub-a|4;weknora-t02-4a2b4326-93d6-49ed-84db-54b24eafba30-sub-b|1]
2026-09-23T10:25:46Z	subs[1|1;4|1]	payments[failed|1;requires_action|1;succeeded|1]	invoices[1|1|1;5|0|1]	rows[weknora-t02-4a2b4326-93d6-49ed-84db-54b24eafba30-sub-a|4;weknora-t02-4a2b4326-93d6-49ed-84db-54b24eafba30-sub-b|1]
2026-09-23T10:25:48Z	subs[1|1;4|2]	payments[failed|1;pending|1;requires_action|1;succeeded|1]	invoices[1|1|1;5|0|2]	rows[weknora-t02-4a2b4326-93d6-49ed-84db-54b24eafba30-sub-a|4;weknora-t02-4a2b4326-93d6-49ed-84db-54b24eafba30-sub-b|1;weknora-t02-4a2b4326-93d6-49ed-84db-54b24eafba30-sub-c|4]
2026-09-23T10:25:50Z	subs[1|1;4|2]	payments[failed|2;requires_action|1;succeeded|1]	invoices[1|1|1;5|0|2]	rows[weknora-t02-4a2b4326-93d6-49ed-84db-54b24eafba30-sub-a|4;weknora-t02-4a2b4326-93d6-49ed-84db-54b24eafba30-sub-b|1;weknora-t02-4a2b4326-93d6-49ed-84db-54b24eafba30-sub-c|4]
2026-09-23T10:25:53Z	subs[1|1;4|2]	payments[failed|2;requires_action|1;succeeded|1]	invoices[1|1|1;5|0|2]	rows[weknora-t02-4a2b4326-93d6-49ed-84db-54b24eafba30-sub-a|4;weknora-t02-4a2b4326-93d6-49ed-84db-54b24eafba30-sub-b|1;weknora-t02-4a2b4326-93d6-49ed-84db-54b24eafba30-sub-c|4]
2026-09-23T10:25:55Z	subs[1|1;4|2]	payments[failed|2;requires_action|1;succeeded|1]	invoices[1|1|1;5|0|2]	rows[weknora-t02-4a2b4326-93d6-49ed-84db-54b24eafba30-sub-a|4;weknora-t02-4a2b4326-93d6-49ed-84db-54b24eafba30-sub-b|1;weknora-t02-4a2b4326-93d6-49ed-84db-54b24eafba30-sub-c|4]
2026-09-23T10:25:57Z	subs[1|1;4|2]	payments[failed|2;pending|1;requires_action|1;succeeded|1]	invoices[1|1|1;5|0|2]	rows[weknora-t02-4a2b4326-93d6-49ed-84db-54b24eafba30-sub-a|4;weknora-t02-4a2b4326-93d6-49ed-84db-54b24eafba30-sub-b|1;weknora-t02-4a2b4326-93d6-49ed-84db-54b24eafba30-sub-c|4]
2026-09-23T10:26:00Z	subs[1|1;4|2]	payments[failed|2;requires_action|2;succeeded|1]	invoices[1|1|1;5|0|2]	rows[weknora-t02-4a2b4326-93d6-49ed-84db-54b24eafba30-sub-a|4;weknora-t02-4a2b4326-93d6-49ed-84db-54b24eafba30-sub-b|1;weknora-t02-4a2b4326-93d6-49ed-84db-54b24eafba30-sub-c|4]
2026-09-23T10:26:02Z	subs[1|1;4|2]	payments[failed|2;requires_action|2;succeeded|1]	invoices[1|1|1;5|0|2]	rows[weknora-t02-4a2b4326-93d6-49ed-84db-54b24eafba30-sub-a|4;weknora-t02-4a2b4326-93d6-49ed-84db-54b24eafba30-sub-b|1;weknora-t02-4a2b4326-93d6-49ed-84db-54b24eafba30-sub-c|4]
2026-09-23T10:26:04Z	subs[1|1;4|2]	payments[failed|2;requires_action|2;succeeded|1]	invoices[1|1|1;5|0|2]	rows[weknora-t02-4a2b4326-93d6-49ed-84db-54b24eafba30-sub-a|4;weknora-t02-4a2b4326-93d6-49ed-84db-54b24eafba30-sub-b|1;weknora-t02-4a2b4326-93d6-49ed-84db-54b24eafba30-sub-c|4]
2026-09-23T10:26:07Z	subs[1|1;4|2]	payments[failed|2;requires_action|2;succeeded|1]	invoices[1|1|1;5|0|2]	rows[weknora-t02-4a2b4326-93d6-49ed-84db-54b24eafba30-sub-a|4;weknora-t02-4a2b4326-93d6-49ed-84db-54b24eafba30-sub-b|1;weknora-t02-4a2b4326-93d6-49ed-84db-54b24eafba30-sub-c|4]
2026-09-23T10:26:09Z	subs[1|1;4|2]	payments[failed|2;requires_action|2;succeeded|1]	invoices[1|1|1;5|0|2]	rows[weknora-t02-4a2b4326-93d6-49ed-84db-54b24eafba30-sub-a|4;weknora-t02-4a2b4326-93d6-49ed-84db-54b24eafba30-sub-b|1;weknora-t02-4a2b4326-93d6-49ed-84db-54b24eafba30-sub-c|4]
2026-09-23T10:26:12Z	subs[1|1;4|2]	payments[failed|2;requires_action|2;succeeded|1]	invoices[1|1|1;5|0|2]	rows[weknora-t02-4a2b4326-93d6-49ed-84db-54b24eafba30-sub-a|4;weknora-t02-4a2b4326-93d6-49ed-84db-54b24eafba30-sub-b|1;weknora-t02-4a2b4326-93d6-49ed-84db-54b24eafba30-sub-c|4]
2026-09-23T10:26:14Z	subs[1|1;4|2]	payments[failed|2;requires_action|2;succeeded|1]	invoices[1|1|1;5|0|2]	rows[weknora-t02-4a2b4326-93d6-49ed-84db-54b24eafba30-sub-a|4;weknora-t02-4a2b4326-93d6-49ed-84db-54b24eafba30-sub-b|1;weknora-t02-4a2b4326-93d6-49ed-84db-54b24eafba30-sub-c|4]
2026-09-23T10:26:16Z	subs[1|1;4|2]	payments[failed|2;requires_action|2;succeeded|1]	invoices[1|1|1;5|0|2]	rows[weknora-t02-4a2b4326-93d6-49ed-84db-54b24eafba30-sub-a|4;weknora-t02-4a2b4326-93d6-49ed-84db-54b24eafba30-sub-b|1;weknora-t02-4a2b4326-93d6-49ed-84db-54b24eafba30-sub-c|4]
2026-09-23T10:26:19Z	subs[1|1;4|2]	payments[failed|2;requires_action|2;succeeded|1]	invoices[1|1|1;5|0|2]	rows[weknora-t02-4a2b4326-93d6-49ed-84db-54b24eafba30-sub-a|4;weknora-t02-4a2b4326-93d6-49ed-84db-54b24eafba30-sub-b|1;weknora-t02-4a2b4326-93d6-49ed-84db-54b24eafba30-sub-c|4]
2026-09-23T10:26:21Z	subs[1|1;4|2]	payments[failed|2;requires_action|2;succeeded|1]	invoices[1|1|1;5|0|2]	rows[weknora-t02-4a2b4326-93d6-49ed-84db-54b24eafba30-sub-a|4;weknora-t02-4a2b4326-93d6-49ed-84db-54b24eafba30-sub-b|1;weknora-t02-4a2b4326-93d6-49ed-84db-54b24eafba30-sub-c|4]
2026-09-23T10:26:24Z	subs[1|1;4|2]	payments[failed|2;requires_action|2;succeeded|1]	invoices[1|1|1;5|0|2]	rows[weknora-t02-4a2b4326-93d6-49ed-84db-54b24eafba30-sub-a|4;weknora-t02-4a2b4326-93d6-49ed-84db-54b24eafba30-sub-b|1;weknora-t02-4a2b4326-93d6-49ed-84db-54b24eafba30-sub-c|4]
2026-09-23T10:26:26Z	subs[1|1;4|2]	payments[failed|2;requires_action|2;succeeded|1]	invoices[1|1|1;5|0|2]	rows[weknora-t02-4a2b4326-93d6-49ed-84db-54b24eafba30-sub-a|4;weknora-t02-4a2b4326-93d6-49ed-84db-54b24eafba30-sub-b|1;weknora-t02-4a2b4326-93d6-49ed-84db-54b24eafba30-sub-c|4]
2026-09-23T10:26:28Z	subs[1|1;4|2]	payments[failed|2;requires_action|2;succeeded|1]	invoices[1|1|1;5|0|2]	rows[weknora-t02-4a2b4326-93d6-49ed-84db-54b24eafba30-sub-a|4;weknora-t02-4a2b4326-93d6-49ed-84db-54b24eafba30-sub-b|1;weknora-t02-4a2b4326-93d6-49ed-84db-54b24eafba30-sub-c|4]
2026-09-23T10:26:31Z	subs[1|1;4|2]	payments[failed|2;requires_action|2;succeeded|1]	invoices[1|1|1;5|0|2]	rows[weknora-t02-4a2b4326-93d6-49ed-84db-54b24eafba30-sub-a|4;weknora-t02-4a2b4326-93d6-49ed-84db-54b24eafba30-sub-b|1;weknora-t02-4a2b4326-93d6-49ed-84db-54b24eafba30-sub-c|4]
2026-09-23T10:26:33Z	subs[1|1;4|2]	payments[failed|2;requires_action|2;succeeded|1]	invoices[1|1|1;5|0|2]	rows[weknora-t02-4a2b4326-93d6-49ed-84db-54b24eafba30-sub-a|4;weknora-t02-4a2b4326-93d6-49ed-84db-54b24eafba30-sub-b|1;weknora-t02-4a2b4326-93d6-49ed-84db-54b24eafba30-sub-c|4]
2026-09-23T10:26:35Z	subs[1|1;4|2]	payments[failed|2;requires_action|2;succeeded|1]	invoices[1|1|1;5|0|2]	rows[weknora-t02-4a2b4326-93d6-49ed-84db-54b24eafba30-sub-a|4;weknora-t02-4a2b4326-93d6-49ed-84db-54b24eafba30-sub-b|1;weknora-t02-4a2b4326-93d6-49ed-84db-54b24eafba30-sub-c|4]
2026-09-23T10:26:38Z	subs[1|1;4|2]	payments[failed|2;requires_action|2;succeeded|1]	invoices[1|1|1;5|0|2]	rows[weknora-t02-4a2b4326-93d6-49ed-84db-54b24eafba30-sub-a|4;weknora-t02-4a2b4326-93d6-49ed-84db-54b24eafba30-sub-b|1;weknora-t02-4a2b4326-93d6-49ed-84db-54b24eafba30-sub-c|4]
2026-09-23T10:26:40Z	subs[1|1;4|2]	payments[failed|2;requires_action|2;succeeded|1]	invoices[1|1|1;5|0|2]	rows[weknora-t02-4a2b4326-93d6-49ed-84db-54b24eafba30-sub-a|4;weknora-t02-4a2b4326-93d6-49ed-84db-54b24eafba30-sub-b|1;weknora-t02-4a2b4326-93d6-49ed-84db-54b24eafba30-sub-c|4]
2026-09-23T10:26:42Z	subs[1|1;4|2]	payments[failed|2;requires_action|2;succeeded|1]	invoices[1|1|1;5|0|2]	rows[weknora-t02-4a2b4326-93d6-49ed-84db-54b24eafba30-sub-a|4;weknora-t02-4a2b4326-93d6-49ed-84db-54b24eafba30-sub-b|1;weknora-t02-4a2b4326-93d6-49ed-84db-54b24eafba30-sub-c|4]
2026-09-23T10:26:45Z	subs[1|1;4|2]	payments[failed|2;requires_action|2;succeeded|1]	invoices[1|1|1;5|0|2]	rows[weknora-t02-4a2b4326-93d6-49ed-84db-54b24eafba30-sub-a|4;weknora-t02-4a2b4326-93d6-49ed-84db-54b24eafba30-sub-b|1;weknora-t02-4a2b4326-93d6-49ed-84db-54b24eafba30-sub-c|4]
2026-09-23T10:26:47Z	subs[1|1;4|2]	payments[failed|2;requires_action|2;succeeded|1]	invoices[1|1|1;5|0|2]	rows[weknora-t02-4a2b4326-93d6-49ed-84db-54b24eafba30-sub-a|4;weknora-t02-4a2b4326-93d6-49ed-84db-54b24eafba30-sub-b|1;weknora-t02-4a2b4326-93d6-49ed-84db-54b24eafba30-sub-c|4]
2026-09-23T10:26:49Z	subs[1|1;4|2]	payments[failed|2;requires_action|2;succeeded|1]	invoices[1|1|1;5|0|2]	rows[weknora-t02-4a2b4326-93d6-49ed-84db-54b24eafba30-sub-a|4;weknora-t02-4a2b4326-93d6-49ed-84db-54b24eafba30-sub-b|1;weknora-t02-4a2b4326-93d6-49ed-84db-54b24eafba30-sub-c|4]
2026-09-23T10:26:52Z	subs[1|1;4|2]	payments[failed|2;requires_action|2;succeeded|1]	invoices[1|1|1;5|0|2]	rows[weknora-t02-4a2b4326-93d6-49ed-84db-54b24eafba30-sub-a|4;weknora-t02-4a2b4326-93d6-49ed-84db-54b24eafba30-sub-b|1;weknora-t02-4a2b4326-93d6-49ed-84db-54b24eafba30-sub-c|4]
2026-09-23T10:26:54Z	subs[1|1;4|2]	payments[failed|2;requires_action|2;succeeded|1]	invoices[1|1|1;5|0|2]	rows[weknora-t02-4a2b4326-93d6-49ed-84db-54b24eafba30-sub-a|4;weknora-t02-4a2b4326-93d6-49ed-84db-54b24eafba30-sub-b|1;weknora-t02-4a2b4326-93d6-49ed-84db-54b24eafba30-sub-c|4]
2026-09-23T10:26:57Z	subs[1|1;4|2]	payments[failed|2;requires_action|2;succeeded|1]	invoices[1|1|1;5|0|2]	rows[weknora-t02-4a2b4326-93d6-49ed-84db-54b24eafba30-sub-a|4;weknora-t02-4a2b4326-93d6-49ed-84db-54b24eafba30-sub-b|1;weknora-t02-4a2b4326-93d6-49ed-84db-54b24eafba30-sub-c|4]
2026-09-23T10:26:59Z	subs[1|1;4|2]	payments[failed|2;requires_action|2;succeeded|1]	invoices[1|1|1;5|0|2]	rows[weknora-t02-4a2b4326-93d6-49ed-84db-54b24eafba30-sub-a|4;weknora-t02-4a2b4326-93d6-49ed-84db-54b24eafba30-sub-b|1;weknora-t02-4a2b4326-93d6-49ed-84db-54b24eafba30-sub-c|4]
2026-09-23T10:27:01Z	subs[1|1;4|2]	payments[failed|2;requires_action|2;succeeded|1]	invoices[1|1|1;5|0|2]	rows[weknora-t02-4a2b4326-93d6-49ed-84db-54b24eafba30-sub-a|4;weknora-t02-4a2b4326-93d6-49ed-84db-54b24eafba30-sub-b|1;weknora-t02-4a2b4326-93d6-49ed-84db-54b24eafba30-sub-c|4]
2026-09-23T10:27:04Z	subs[1|1;4|2]	payments[failed|2;requires_action|2;succeeded|1]	invoices[1|1|1;5|0|2]	rows[weknora-t02-4a2b4326-93d6-49ed-84db-54b24eafba30-sub-a|4;weknora-t02-4a2b4326-93d6-49ed-84db-54b24eafba30-sub-b|1;weknora-t02-4a2b4326-93d6-49ed-84db-54b24eafba30-sub-c|4]
2026-09-23T10:27:06Z	subs[1|1;4|2]	payments[failed|2;requires_action|2;succeeded|1]	invoices[1|1|1;5|0|2]	rows[weknora-t02-4a2b4326-93d6-49ed-84db-54b24eafba30-sub-a|4;weknora-t02-4a2b4326-93d6-49ed-84db-54b24eafba30-sub-b|1;weknora-t02-4a2b4326-93d6-49ed-84db-54b24eafba30-sub-c|4]
2026-09-23T10:27:08Z	subs[1|1;4|2]	payments[failed|2;requires_action|2;succeeded|1]	invoices[1|1|1;5|0|2]	rows[weknora-t02-4a2b4326-93d6-49ed-84db-54b24eafba30-sub-a|4;weknora-t02-4a2b4326-93d6-49ed-84db-54b24eafba30-sub-b|1;weknora-t02-4a2b4326-93d6-49ed-84db-54b24eafba30-sub-c|4]
2026-09-23T10:27:11Z	subs[1|1;4|2]	payments[failed|2;requires_action|2;succeeded|1]	invoices[1|1|1;5|0|2]	rows[weknora-t02-4a2b4326-93d6-49ed-84db-54b24eafba30-sub-a|4;weknora-t02-4a2b4326-93d6-49ed-84db-54b24eafba30-sub-b|1;weknora-t02-4a2b4326-93d6-49ed-84db-54b24eafba30-sub-c|4]
2026-09-23T10:27:13Z	subs[1|1;4|2]	payments[failed|2;requires_action|2;succeeded|1]	invoices[1|1|1;5|0|2]	rows[weknora-t02-4a2b4326-93d6-49ed-84db-54b24eafba30-sub-a|4;weknora-t02-4a2b4326-93d6-49ed-84db-54b24eafba30-sub-b|1;weknora-t02-4a2b4326-93d6-49ed-84db-54b24eafba30-sub-c|4]
2026-09-23T10:27:16Z	subs[1|1;4|2]	payments[failed|2;requires_action|2;succeeded|1]	invoices[1|1|1;5|0|2]	rows[weknora-t02-4a2b4326-93d6-49ed-84db-54b24eafba30-sub-a|4;weknora-t02-4a2b4326-93d6-49ed-84db-54b24eafba30-sub-b|1;weknora-t02-4a2b4326-93d6-49ed-84db-54b24eafba30-sub-c|4]
2026-09-23T10:27:18Z	subs[1|1;4|2]	payments[failed|2;requires_action|2;succeeded|1]	invoices[1|1|1;5|0|2]	rows[weknora-t02-4a2b4326-93d6-49ed-84db-54b24eafba30-sub-a|4;weknora-t02-4a2b4326-93d6-49ed-84db-54b24eafba30-sub-b|1;weknora-t02-4a2b4326-93d6-49ed-84db-54b24eafba30-sub-c|4]
2026-09-23T10:27:20Z	subs[1|1;4|2]	payments[failed|2;requires_action|2;succeeded|1]	invoices[1|1|1;5|0|2]	rows[weknora-t02-4a2b4326-93d6-49ed-84db-54b24eafba30-sub-a|4;weknora-t02-4a2b4326-93d6-49ed-84db-54b24eafba30-sub-b|1;weknora-t02-4a2b4326-93d6-49ed-84db-54b24eafba30-sub-c|4]
2026-09-23T10:27:23Z	subs[1|1;4|2]	payments[failed|2;requires_action|2;succeeded|1]	invoices[1|1|1;5|0|2]	rows[weknora-t02-4a2b4326-93d6-49ed-84db-54b24eafba30-sub-a|4;weknora-t02-4a2b4326-93d6-49ed-84db-54b24eafba30-sub-b|1;weknora-t02-4a2b4326-93d6-49ed-84db-54b24eafba30-sub-c|4]
2026-09-23T10:27:25Z	subs[1|1;4|2]	payments[failed|2;requires_action|2;succeeded|1]	invoices[1|1|1;5|0|2]	rows[weknora-t02-4a2b4326-93d6-49ed-84db-54b24eafba30-sub-a|4;weknora-t02-4a2b4326-93d6-49ed-84db-54b24eafba30-sub-b|1;weknora-t02-4a2b4326-93d6-49ed-84db-54b24eafba30-sub-c|4]
2026-09-23T10:27:28Z	subs[1|1;4|2]	payments[failed|2;requires_action|2;succeeded|1]	invoices[1|1|1;5|0|2]	rows[weknora-t02-4a2b4326-93d6-49ed-84db-54b24eafba30-sub-a|4;weknora-t02-4a2b4326-93d6-49ed-84db-54b24eafba30-sub-b|1;weknora-t02-4a2b4326-93d6-49ed-84db-54b24eafba30-sub-c|4]
2026-09-23T10:27:31Z	subs[1|1;4|2]	payments[failed|2;requires_action|2;succeeded|1]	invoices[1|1|1;5|0|2]	rows[weknora-t02-4a2b4326-93d6-49ed-84db-54b24eafba30-sub-a|4;weknora-t02-4a2b4326-93d6-49ed-84db-54b24eafba30-sub-b|1;weknora-t02-4a2b4326-93d6-49ed-84db-54b24eafba30-sub-c|4]
2026-09-23T10:27:33Z	subs[1|1;4|2]	payments[failed|2;requires_action|2;succeeded|1]	invoices[1|1|1;5|0|2]	rows[weknora-t02-4a2b4326-93d6-49ed-84db-54b24eafba30-sub-a|4;weknora-t02-4a2b4326-93d6-49ed-84db-54b24eafba30-sub-b|1;weknora-t02-4a2b4326-93d6-49ed-84db-54b24eafba30-sub-c|4]
2026-09-23T10:27:35Z	subs[1|1;4|2]	payments[failed|2;requires_action|2;succeeded|1]	invoices[1|1|1;5|0|2]	rows[weknora-t02-4a2b4326-93d6-49ed-84db-54b24eafba30-sub-a|4;weknora-t02-4a2b4326-93d6-49ed-84db-54b24eafba30-sub-b|1;weknora-t02-4a2b4326-93d6-49ed-84db-54b24eafba30-sub-c|4]
2026-09-23T10:27:38Z	subs[1|1;4|2]	payments[failed|2;requires_action|2;succeeded|1]	invoices[1|1|1;5|0|2]	rows[weknora-t02-4a2b4326-93d6-49ed-84db-54b24eafba30-sub-a|4;weknora-t02-4a2b4326-93d6-49ed-84db-54b24eafba30-sub-b|1;weknora-t02-4a2b4326-93d6-49ed-84db-54b24eafba30-sub-c|4]
2026-09-23T10:27:40Z	subs[1|1;4|2]	payments[failed|2;requires_action|2;succeeded|1]	invoices[1|1|1;5|0|2]	rows[weknora-t02-4a2b4326-93d6-49ed-84db-54b24eafba30-sub-a|4;weknora-t02-4a2b4326-93d6-49ed-84db-54b24eafba30-sub-b|1;weknora-t02-4a2b4326-93d6-49ed-84db-54b24eafba30-sub-c|4]
2026-09-23T10:27:42Z	subs[1|1;4|2]	payments[failed|2;requires_action|2;succeeded|1]	invoices[1|1|1;5|0|2]	rows[weknora-t02-4a2b4326-93d6-49ed-84db-54b24eafba30-sub-a|4;weknora-t02-4a2b4326-93d6-49ed-84db-54b24eafba30-sub-b|1;weknora-t02-4a2b4326-93d6-49ed-84db-54b24eafba30-sub-c|4]
2026-09-23T10:27:45Z	subs[1|1;4|2]	payments[failed|2;requires_action|2;succeeded|1]	invoices[1|1|1;5|0|2]	rows[weknora-t02-4a2b4326-93d6-49ed-84db-54b24eafba30-sub-a|4;weknora-t02-4a2b4326-93d6-49ed-84db-54b24eafba30-sub-b|1;weknora-t02-4a2b4326-93d6-49ed-84db-54b24eafba30-sub-c|4]
2026-09-23T10:27:47Z	subs[1|1;4|2]	payments[failed|2;requires_action|2;succeeded|1]	invoices[1|1|1;5|0|2]	rows[weknora-t02-4a2b4326-93d6-49ed-84db-54b24eafba30-sub-a|4;weknora-t02-4a2b4326-93d6-49ed-84db-54b24eafba30-sub-b|1;weknora-t02-4a2b4326-93d6-49ed-84db-54b24eafba30-sub-c|4]
2026-09-23T10:27:49Z	subs[1|1;4|2]	payments[failed|2;requires_action|2;succeeded|1]	invoices[1|1|1;5|0|2]	rows[weknora-t02-4a2b4326-93d6-49ed-84db-54b24eafba30-sub-a|4;weknora-t02-4a2b4326-93d6-49ed-84db-54b24eafba30-sub-b|1;weknora-t02-4a2b4326-93d6-49ed-84db-54b24eafba30-sub-c|4]
2026-09-23T10:27:52Z	subs[1|1;4|2]	payments[failed|2;requires_action|2;succeeded|1]	invoices[1|1|1;5|0|2]	rows[weknora-t02-4a2b4326-93d6-49ed-84db-54b24eafba30-sub-a|4;weknora-t02-4a2b4326-93d6-49ed-84db-54b24eafba30-sub-b|1;weknora-t02-4a2b4326-93d6-49ed-84db-54b24eafba30-sub-c|4]
2026-09-23T10:27:54Z	subs[1|1;4|2]	payments[failed|2;requires_action|2;succeeded|1]	invoices[1|1|1;5|0|2]	rows[weknora-t02-4a2b4326-93d6-49ed-84db-54b24eafba30-sub-a|4;weknora-t02-4a2b4326-93d6-49ed-84db-54b24eafba30-sub-b|1;weknora-t02-4a2b4326-93d6-49ed-84db-54b24eafba30-sub-c|4]
2026-09-23T10:27:56Z	subs[1|1;4|2]	payments[failed|2;requires_action|2;succeeded|1]	invoices[1|1|1;5|0|2]	rows[weknora-t02-4a2b4326-93d6-49ed-84db-54b24eafba30-sub-a|4;weknora-t02-4a2b4326-93d6-49ed-84db-54b24eafba30-sub-b|1;weknora-t02-4a2b4326-93d6-49ed-84db-54b24eafba30-sub-c|4]
2026-09-23T10:27:59Z	subs[1|1;4|2]	payments[failed|2;requires_action|2;succeeded|1]	invoices[1|1|1;5|0|2]	rows[weknora-t02-4a2b4326-93d6-49ed-84db-54b24eafba30-sub-a|4;weknora-t02-4a2b4326-93d6-49ed-84db-54b24eafba30-sub-b|1;weknora-t02-4a2b4326-93d6-49ed-84db-54b24eafba30-sub-c|4]
2026-09-23T10:28:01Z	subs[1|1;4|2]	payments[failed|2;requires_action|2;succeeded|1]	invoices[1|1|1;5|0|2]	rows[weknora-t02-4a2b4326-93d6-49ed-84db-54b24eafba30-sub-a|4;weknora-t02-4a2b4326-93d6-49ed-84db-54b24eafba30-sub-b|1;weknora-t02-4a2b4326-93d6-49ed-84db-54b24eafba30-sub-c|4]
2026-09-23T10:28:04Z	subs[1|1;4|2]	payments[failed|2;requires_action|2;succeeded|1]	invoices[1|1|1;5|0|2]	rows[weknora-t02-4a2b4326-93d6-49ed-84db-54b24eafba30-sub-a|4;weknora-t02-4a2b4326-93d6-49ed-84db-54b24eafba30-sub-b|1;weknora-t02-4a2b4326-93d6-49ed-84db-54b24eafba30-sub-c|4]
2026-09-23T10:28:06Z	subs[1|1;4|2]	payments[failed|2;requires_action|2;succeeded|1]	invoices[1|1|1;5|0|2]	rows[weknora-t02-4a2b4326-93d6-49ed-84db-54b24eafba30-sub-a|4;weknora-t02-4a2b4326-93d6-49ed-84db-54b24eafba30-sub-b|1;weknora-t02-4a2b4326-93d6-49ed-84db-54b24eafba30-sub-c|4]
2026-09-23T10:28:08Z	subs[1|1;4|2]	payments[failed|2;requires_action|2;succeeded|1]	invoices[1|1|1;5|0|2]	rows[weknora-t02-4a2b4326-93d6-49ed-84db-54b24eafba30-sub-a|4;weknora-t02-4a2b4326-93d6-49ed-84db-54b24eafba30-sub-b|1;weknora-t02-4a2b4326-93d6-49ed-84db-54b24eafba30-sub-c|4]
2026-09-23T10:28:11Z	subs[1|1;4|2]	payments[failed|2;requires_action|2;succeeded|1]	invoices[1|1|1;5|0|2]	rows[weknora-t02-4a2b4326-93d6-49ed-84db-54b24eafba30-sub-a|4;weknora-t02-4a2b4326-93d6-49ed-84db-54b24eafba30-sub-b|1;weknora-t02-4a2b4326-93d6-49ed-84db-54b24eafba30-sub-c|4]
2026-09-23T10:28:13Z	subs[1|1;4|2]	payments[failed|2;requires_action|2;succeeded|1]	invoices[1|1|1;5|0|2]	rows[weknora-t02-4a2b4326-93d6-49ed-84db-54b24eafba30-sub-a|4;weknora-t02-4a2b4326-93d6-49ed-84db-54b24eafba30-sub-b|1;weknora-t02-4a2b4326-93d6-49ed-84db-54b24eafba30-sub-c|4]
2026-09-23T10:28:15Z	subs[1|1;4|2]	payments[failed|2;requires_action|2;succeeded|1]	invoices[1|1|1;5|0|2]	rows[weknora-t02-4a2b4326-93d6-49ed-84db-54b24eafba30-sub-a|4;weknora-t02-4a2b4326-93d6-49ed-84db-54b24eafba30-sub-b|1;weknora-t02-4a2b4326-93d6-49ed-84db-54b24eafba30-sub-c|4]
2026-09-23T10:28:18Z	subs[1|1;4|2]	payments[failed|2;requires_action|2;succeeded|1]	invoices[1|1|1;5|0|2]	rows[weknora-t02-4a2b4326-93d6-49ed-84db-54b24eafba30-sub-a|4;weknora-t02-4a2b4326-93d6-49ed-84db-54b24eafba30-sub-b|1;weknora-t02-4a2b4326-93d6-49ed-84db-54b24eafba30-sub-c|4]
2026-09-23T10:28:20Z	subs[1|1;4|2]	payments[failed|2;requires_action|2;succeeded|1]	invoices[1|1|1;5|0|2]	rows[weknora-t02-4a2b4326-93d6-49ed-84db-54b24eafba30-sub-a|4;weknora-t02-4a2b4326-93d6-49ed-84db-54b24eafba30-sub-b|1;weknora-t02-4a2b4326-93d6-49ed-84db-54b24eafba30-sub-c|4]
2026-09-23T10:28:23Z	subs[1|1;4|2]	payments[failed|2;requires_action|2;succeeded|1]	invoices[1|1|1;5|0|2]	rows[weknora-t02-4a2b4326-93d6-49ed-84db-54b24eafba30-sub-a|4;weknora-t02-4a2b4326-93d6-49ed-84db-54b24eafba30-sub-b|1;weknora-t02-4a2b4326-93d6-49ed-84db-54b24eafba30-sub-c|4]
2026-09-23T10:28:25Z	subs[1|1;4|2]	payments[failed|2;requires_action|2;succeeded|1]	invoices[1|1|1;5|0|2]	rows[weknora-t02-4a2b4326-93d6-49ed-84db-54b24eafba30-sub-a|4;weknora-t02-4a2b4326-93d6-49ed-84db-54b24eafba30-sub-b|1;weknora-t02-4a2b4326-93d6-49ed-84db-54b24eafba30-sub-c|4]
2026-09-23T10:28:27Z	subs[1|1;4|2]	payments[failed|2;requires_action|2;succeeded|1]	invoices[1|1|1;5|0|2]	rows[weknora-t02-4a2b4326-93d6-49ed-84db-54b24eafba30-sub-a|4;weknora-t02-4a2b4326-93d6-49ed-84db-54b24eafba30-sub-b|1;weknora-t02-4a2b4326-93d6-49ed-84db-54b24eafba30-sub-c|4]
2026-09-23T10:28:30Z	subs[1|1;4|2]	payments[failed|2;requires_action|2;succeeded|1]	invoices[1|1|1;5|0|2]	rows[weknora-t02-4a2b4326-93d6-49ed-84db-54b24eafba30-sub-a|4;weknora-t02-4a2b4326-93d6-49ed-84db-54b24eafba30-sub-b|1;weknora-t02-4a2b4326-93d6-49ed-84db-54b24eafba30-sub-c|4]
2026-09-23T10:28:32Z	subs[1|1;4|2]	payments[failed|2;requires_action|2;succeeded|1]	invoices[1|1|1;5|0|2]	rows[weknora-t02-4a2b4326-93d6-49ed-84db-54b24eafba30-sub-a|4;weknora-t02-4a2b4326-93d6-49ed-84db-54b24eafba30-sub-b|1;weknora-t02-4a2b4326-93d6-49ed-84db-54b24eafba30-sub-c|4]
2026-09-23T10:28:35Z	subs[1|1;4|2]	payments[failed|2;requires_action|2;succeeded|1]	invoices[1|1|1;5|0|2]	rows[weknora-t02-4a2b4326-93d6-49ed-84db-54b24eafba30-sub-a|4;weknora-t02-4a2b4326-93d6-49ed-84db-54b24eafba30-sub-b|1;weknora-t02-4a2b4326-93d6-49ed-84db-54b24eafba30-sub-c|4]
2026-09-23T10:28:37Z	subs[1|1;4|2]	payments[failed|2;requires_action|2;succeeded|1]	invoices[1|1|1;5|0|2]	rows[weknora-t02-4a2b4326-93d6-49ed-84db-54b24eafba30-sub-a|4;weknora-t02-4a2b4326-93d6-49ed-84db-54b24eafba30-sub-b|1;weknora-t02-4a2b4326-93d6-49ed-84db-54b24eafba30-sub-c|4]
2026-09-23T10:28:39Z	subs[1|1;4|2]	payments[failed|2;requires_action|2;succeeded|1]	invoices[1|1|1;5|0|2]	rows[weknora-t02-4a2b4326-93d6-49ed-84db-54b24eafba30-sub-a|4;weknora-t02-4a2b4326-93d6-49ed-84db-54b24eafba30-sub-b|1;weknora-t02-4a2b4326-93d6-49ed-84db-54b24eafba30-sub-c|4]
2026-09-23T10:28:42Z	subs[1|1;4|2]	payments[failed|2;requires_action|2;succeeded|1]	invoices[1|1|1;5|0|2]	rows[weknora-t02-4a2b4326-93d6-49ed-84db-54b24eafba30-sub-a|4;weknora-t02-4a2b4326-93d6-49ed-84db-54b24eafba30-sub-b|1;weknora-t02-4a2b4326-93d6-49ed-84db-54b24eafba30-sub-c|4]
2026-09-23T10:28:44Z	subs[1|1;4|2]	payments[failed|2;requires_action|2;succeeded|1]	invoices[1|1|1;5|0|2]	rows[weknora-t02-4a2b4326-93d6-49ed-84db-54b24eafba30-sub-a|4;weknora-t02-4a2b4326-93d6-49ed-84db-54b24eafba30-sub-b|1;weknora-t02-4a2b4326-93d6-49ed-84db-54b24eafba30-sub-c|4]
2026-09-23T10:28:46Z	subs[1|1;4|2]	payments[failed|2;requires_action|2;succeeded|1]	invoices[1|1|1;5|0|2]	rows[weknora-t02-4a2b4326-93d6-49ed-84db-54b24eafba30-sub-a|4;weknora-t02-4a2b4326-93d6-49ed-84db-54b24eafba30-sub-b|1;weknora-t02-4a2b4326-93d6-49ed-84db-54b24eafba30-sub-c|4]
2026-09-23T10:28:49Z	subs[1|1;4|2]	payments[failed|2;requires_action|2;succeeded|1]	invoices[1|1|1;5|0|2]	rows[weknora-t02-4a2b4326-93d6-49ed-84db-54b24eafba30-sub-a|4;weknora-t02-4a2b4326-93d6-49ed-84db-54b24eafba30-sub-b|1;weknora-t02-4a2b4326-93d6-49ed-84db-54b24eafba30-sub-c|4]
2026-09-23T10:28:51Z	subs[1|1;4|2]	payments[failed|2;requires_action|2;succeeded|1]	invoices[1|1|1;5|0|2]	rows[weknora-t02-4a2b4326-93d6-49ed-84db-54b24eafba30-sub-a|4;weknora-t02-4a2b4326-93d6-49ed-84db-54b24eafba30-sub-b|1;weknora-t02-4a2b4326-93d6-49ed-84db-54b24eafba30-sub-c|4]
2026-09-23T10:28:53Z	subs[1|1;4|2]	payments[failed|2;requires_action|2;succeeded|1]	invoices[1|1|1;5|0|2]	rows[weknora-t02-4a2b4326-93d6-49ed-84db-54b24eafba30-sub-a|4;weknora-t02-4a2b4326-93d6-49ed-84db-54b24eafba30-sub-b|1;weknora-t02-4a2b4326-93d6-49ed-84db-54b24eafba30-sub-c|4]
2026-09-23T10:28:56Z	subs[1|1;4|2]	payments[failed|2;requires_action|2;succeeded|1]	invoices[1|1|1;5|0|2]	rows[weknora-t02-4a2b4326-93d6-49ed-84db-54b24eafba30-sub-a|4;weknora-t02-4a2b4326-93d6-49ed-84db-54b24eafba30-sub-b|1;weknora-t02-4a2b4326-93d6-49ed-84db-54b24eafba30-sub-c|4]
2026-09-23T10:28:58Z	subs[1|1;4|2]	payments[failed|2;requires_action|2;succeeded|1]	invoices[1|1|1;5|0|2]	rows[weknora-t02-4a2b4326-93d6-49ed-84db-54b24eafba30-sub-a|4;weknora-t02-4a2b4326-93d6-49ed-84db-54b24eafba30-sub-b|1;weknora-t02-4a2b4326-93d6-49ed-84db-54b24eafba30-sub-c|4]
2026-09-23T10:29:00Z	subs[1|1;4|2]	payments[failed|2;requires_action|2;succeeded|1]	invoices[1|1|1;5|0|2]	rows[weknora-t02-4a2b4326-93d6-49ed-84db-54b24eafba30-sub-a|4;weknora-t02-4a2b4326-93d6-49ed-84db-54b24eafba30-sub-b|1;weknora-t02-4a2b4326-93d6-49ed-84db-54b24eafba30-sub-c|4]
2026-09-23T10:29:03Z	subs[1|1;4|2]	payments[failed|2;requires_action|2;succeeded|1]	invoices[1|1|1;5|0|2]	rows[weknora-t02-4a2b4326-93d6-49ed-84db-54b24eafba30-sub-a|4;weknora-t02-4a2b4326-93d6-49ed-84db-54b24eafba30-sub-b|1;weknora-t02-4a2b4326-93d6-49ed-84db-54b24eafba30-sub-c|4]
2026-09-23T10:29:05Z	subs[1|1;4|2]	payments[failed|2;requires_action|2;succeeded|1]	invoices[1|1|1;5|0|2]	rows[weknora-t02-4a2b4326-93d6-49ed-84db-54b24eafba30-sub-a|4;weknora-t02-4a2b4326-93d6-49ed-84db-54b24eafba30-sub-b|1;weknora-t02-4a2b4326-93d6-49ed-84db-54b24eafba30-sub-c|4]
2026-09-23T10:29:08Z	subs[1|1;4|2]	payments[failed|2;requires_action|2;succeeded|1]	invoices[1|1|1;5|0|2]	rows[weknora-t02-4a2b4326-93d6-49ed-84db-54b24eafba30-sub-a|4;weknora-t02-4a2b4326-93d6-49ed-84db-54b24eafba30-sub-b|1;weknora-t02-4a2b4326-93d6-49ed-84db-54b24eafba30-sub-c|4]
2026-09-23T10:29:10Z	subs[1|1;4|2]	payments[failed|2;requires_action|2;succeeded|1]	invoices[1|1|1;5|0|2]	rows[weknora-t02-4a2b4326-93d6-49ed-84db-54b24eafba30-sub-a|4;weknora-t02-4a2b4326-93d6-49ed-84db-54b24eafba30-sub-b|1;weknora-t02-4a2b4326-93d6-49ed-84db-54b24eafba30-sub-c|4]
2026-09-23T10:29:12Z	subs[1|1;4|2]	payments[failed|2;requires_action|2;succeeded|1]	invoices[1|1|1;5|0|2]	rows[weknora-t02-4a2b4326-93d6-49ed-84db-54b24eafba30-sub-a|4;weknora-t02-4a2b4326-93d6-49ed-84db-54b24eafba30-sub-b|1;weknora-t02-4a2b4326-93d6-49ed-84db-54b24eafba30-sub-c|4]
2026-09-23T10:29:15Z	subs[1|1;4|2]	payments[failed|2;requires_action|2;succeeded|1]	invoices[1|1|1;5|0|2]	rows[weknora-t02-4a2b4326-93d6-49ed-84db-54b24eafba30-sub-a|4;weknora-t02-4a2b4326-93d6-49ed-84db-54b24eafba30-sub-b|1;weknora-t02-4a2b4326-93d6-49ed-84db-54b24eafba30-sub-c|4]
2026-09-23T10:29:17Z	subs[1|1;4|2]	payments[failed|2;requires_action|2;succeeded|1]	invoices[1|1|1;5|0|2]	rows[weknora-t02-4a2b4326-93d6-49ed-84db-54b24eafba30-sub-a|4;weknora-t02-4a2b4326-93d6-49ed-84db-54b24eafba30-sub-b|1;weknora-t02-4a2b4326-93d6-49ed-84db-54b24eafba30-sub-c|4]
2026-09-23T10:29:19Z	subs[1|1;4|2]	payments[failed|2;requires_action|2;succeeded|1]	invoices[1|1|1;5|0|2]	rows[weknora-t02-4a2b4326-93d6-49ed-84db-54b24eafba30-sub-a|4;weknora-t02-4a2b4326-93d6-49ed-84db-54b24eafba30-sub-b|1;weknora-t02-4a2b4326-93d6-49ed-84db-54b24eafba30-sub-c|4]
2026-09-23T10:29:22Z	subs[1|1;4|2]	payments[failed|2;requires_action|2;succeeded|1]	invoices[1|1|1;5|0|2]	rows[weknora-t02-4a2b4326-93d6-49ed-84db-54b24eafba30-sub-a|4;weknora-t02-4a2b4326-93d6-49ed-84db-54b24eafba30-sub-b|1;weknora-t02-4a2b4326-93d6-49ed-84db-54b24eafba30-sub-c|4]
2026-09-23T10:29:24Z	subs[1|1;4|2]	payments[failed|2;requires_action|2;succeeded|1]	invoices[1|1|1;5|0|2]	rows[weknora-t02-4a2b4326-93d6-49ed-84db-54b24eafba30-sub-a|4;weknora-t02-4a2b4326-93d6-49ed-84db-54b24eafba30-sub-b|1;weknora-t02-4a2b4326-93d6-49ed-84db-54b24eafba30-sub-c|4]
2026-09-23T10:29:27Z	subs[1|1;4|2]	payments[failed|2;requires_action|2;succeeded|1]	invoices[1|1|1;5|0|2]	rows[weknora-t02-4a2b4326-93d6-49ed-84db-54b24eafba30-sub-a|4;weknora-t02-4a2b4326-93d6-49ed-84db-54b24eafba30-sub-b|1;weknora-t02-4a2b4326-93d6-49ed-84db-54b24eafba30-sub-c|4]
2026-09-23T10:29:30Z	subs[1|1;4|2]	payments[failed|2;requires_action|2;succeeded|1]	invoices[1|1|1;5|0|2]	rows[weknora-t02-4a2b4326-93d6-49ed-84db-54b24eafba30-sub-a|4;weknora-t02-4a2b4326-93d6-49ed-84db-54b24eafba30-sub-b|1;weknora-t02-4a2b4326-93d6-49ed-84db-54b24eafba30-sub-c|4]
2026-09-23T10:29:33Z	subs[1|1;4|2]	payments[failed|2;requires_action|2;succeeded|1]	invoices[1|1|1;5|0|2]	rows[weknora-t02-4a2b4326-93d6-49ed-84db-54b24eafba30-sub-a|4;weknora-t02-4a2b4326-93d6-49ed-84db-54b24eafba30-sub-b|1;weknora-t02-4a2b4326-93d6-49ed-84db-54b24eafba30-sub-c|4]
2026-09-23T10:29:35Z	subs[1|1;4|2]	payments[failed|2;requires_action|2;succeeded|1]	invoices[1|1|1;5|0|2]	rows[weknora-t02-4a2b4326-93d6-49ed-84db-54b24eafba30-sub-a|4;weknora-t02-4a2b4326-93d6-49ed-84db-54b24eafba30-sub-b|1;weknora-t02-4a2b4326-93d6-49ed-84db-54b24eafba30-sub-c|4]
2026-09-23T10:29:38Z	subs[1|1;4|2]	payments[failed|2;requires_action|2;succeeded|1]	invoices[1|1|1;5|0|2]	rows[weknora-t02-4a2b4326-93d6-49ed-84db-54b24eafba30-sub-a|4;weknora-t02-4a2b4326-93d6-49ed-84db-54b24eafba30-sub-b|1;weknora-t02-4a2b4326-93d6-49ed-84db-54b24eafba30-sub-c|4]
2026-09-23T10:29:41Z	subs[1|1;4|2]	payments[failed|2;requires_action|2;succeeded|1]	invoices[1|1|1;5|0|2]	rows[weknora-t02-4a2b4326-93d6-49ed-84db-54b24eafba30-sub-a|4;weknora-t02-4a2b4326-93d6-49ed-84db-54b24eafba30-sub-b|1;weknora-t02-4a2b4326-93d6-49ed-84db-54b24eafba30-sub-c|4]
2026-09-23T10:29:45Z	subs[1|1;4|2]	payments[failed|2;requires_action|2;succeeded|1]	invoices[1|1|1;5|0|2]	rows[weknora-t02-4a2b4326-93d6-49ed-84db-54b24eafba30-sub-a|4;weknora-t02-4a2b4326-93d6-49ed-84db-54b24eafba30-sub-b|1;weknora-t02-4a2b4326-93d6-49ed-84db-54b24eafba30-sub-c|4]
2026-09-23T10:29:47Z	subs[1|1;4|2]	payments[failed|2;requires_action|2;succeeded|1]	invoices[1|1|1;5|0|2]	rows[weknora-t02-4a2b4326-93d6-49ed-84db-54b24eafba30-sub-a|4;weknora-t02-4a2b4326-93d6-49ed-84db-54b24eafba30-sub-b|1;weknora-t02-4a2b4326-93d6-49ed-84db-54b24eafba30-sub-c|4]
2026-09-23T10:29:51Z	subs[1|1;4|2]	payments[failed|2;requires_action|2;succeeded|1]	invoices[1|1|1;5|0|2]	rows[weknora-t02-4a2b4326-93d6-49ed-84db-54b24eafba30-sub-a|4;weknora-t02-4a2b4326-93d6-49ed-84db-54b24eafba30-sub-b|1;weknora-t02-4a2b4326-93d6-49ed-84db-54b24eafba30-sub-c|4]
2026-09-23T10:29:54Z	subs[1|1;4|2]	payments[failed|2;requires_action|2;succeeded|1]	invoices[1|1|1;5|0|2]	rows[weknora-t02-4a2b4326-93d6-49ed-84db-54b24eafba30-sub-a|4;weknora-t02-4a2b4326-93d6-49ed-84db-54b24eafba30-sub-b|1;weknora-t02-4a2b4326-93d6-49ed-84db-54b24eafba30-sub-c|4]
2026-09-23T10:29:57Z	subs[1|1;4|2]	payments[failed|2;requires_action|2;succeeded|1]	invoices[1|1|1;5|0|2]	rows[weknora-t02-4a2b4326-93d6-49ed-84db-54b24eafba30-sub-a|4;weknora-t02-4a2b4326-93d6-49ed-84db-54b24eafba30-sub-b|1;weknora-t02-4a2b4326-93d6-49ed-84db-54b24eafba30-sub-c|4]
2026-09-23T10:29:59Z	subs[1|1;4|2]	payments[failed|2;requires_action|2;succeeded|1]	invoices[1|1|1;5|0|2]	rows[weknora-t02-4a2b4326-93d6-49ed-84db-54b24eafba30-sub-a|4;weknora-t02-4a2b4326-93d6-49ed-84db-54b24eafba30-sub-b|1;weknora-t02-4a2b4326-93d6-49ed-84db-54b24eafba30-sub-c|4]
2026-09-23T10:30:02Z	subs[1|1;4|2]	payments[failed|2;requires_action|2;succeeded|1]	invoices[1|1|1;5|0|2]	rows[weknora-t02-4a2b4326-93d6-49ed-84db-54b24eafba30-sub-a|4;weknora-t02-4a2b4326-93d6-49ed-84db-54b24eafba30-sub-b|1;weknora-t02-4a2b4326-93d6-49ed-84db-54b24eafba30-sub-c|4]
2026-09-23T10:30:05Z	subs[1|1;4|2]	payments[failed|2;requires_action|2;succeeded|1]	invoices[1|1|1;5|0|2]	rows[weknora-t02-4a2b4326-93d6-49ed-84db-54b24eafba30-sub-a|4;weknora-t02-4a2b4326-93d6-49ed-84db-54b24eafba30-sub-b|1;weknora-t02-4a2b4326-93d6-49ed-84db-54b24eafba30-sub-c|4]
2026-09-23T10:30:07Z	subs[1|1;4|2]	payments[failed|2;requires_action|2;succeeded|1]	invoices[1|1|1;5|0|2]	rows[weknora-t02-4a2b4326-93d6-49ed-84db-54b24eafba30-sub-a|4;weknora-t02-4a2b4326-93d6-49ed-84db-54b24eafba30-sub-b|1;weknora-t02-4a2b4326-93d6-49ed-84db-54b24eafba30-sub-c|4]
2026-09-23T10:30:10Z	subs[1|1;4|2]	payments[failed|2;requires_action|2;succeeded|1]	invoices[1|1|1;5|0|2]	rows[weknora-t02-4a2b4326-93d6-49ed-84db-54b24eafba30-sub-a|4;weknora-t02-4a2b4326-93d6-49ed-84db-54b24eafba30-sub-b|1;weknora-t02-4a2b4326-93d6-49ed-84db-54b24eafba30-sub-c|4]
2026-09-23T10:30:13Z	subs[1|1;4|2]	payments[failed|2;requires_action|2;succeeded|1]	invoices[1|1|1;5|0|2]	rows[weknora-t02-4a2b4326-93d6-49ed-84db-54b24eafba30-sub-a|4;weknora-t02-4a2b4326-93d6-49ed-84db-54b24eafba30-sub-b|1;weknora-t02-4a2b4326-93d6-49ed-84db-54b24eafba30-sub-c|4]
2026-09-23T10:30:16Z	subs[1|1;4|2]	payments[failed|2;requires_action|2;succeeded|1]	invoices[1|1|1;5|0|2]	rows[weknora-t02-4a2b4326-93d6-49ed-84db-54b24eafba30-sub-a|4;weknora-t02-4a2b4326-93d6-49ed-84db-54b24eafba30-sub-b|1;weknora-t02-4a2b4326-93d6-49ed-84db-54b24eafba30-sub-c|4]
2026-09-23T10:30:19Z	subs[1|1;4|2]	payments[failed|2;requires_action|2;succeeded|1]	invoices[1|1|1;5|0|2]	rows[weknora-t02-4a2b4326-93d6-49ed-84db-54b24eafba30-sub-a|4;weknora-t02-4a2b4326-93d6-49ed-84db-54b24eafba30-sub-b|1;weknora-t02-4a2b4326-93d6-49ed-84db-54b24eafba30-sub-c|4]
2026-09-23T10:30:22Z	subs[1|1;4|2]	payments[failed|2;requires_action|2;succeeded|1]	invoices[1|1|1;5|0|2]	rows[weknora-t02-4a2b4326-93d6-49ed-84db-54b24eafba30-sub-a|4;weknora-t02-4a2b4326-93d6-49ed-84db-54b24eafba30-sub-b|1;weknora-t02-4a2b4326-93d6-49ed-84db-54b24eafba30-sub-c|4]
2026-09-23T10:30:24Z	subs[1|1;4|2]	payments[failed|2;requires_action|2;succeeded|1]	invoices[1|1|1;5|0|2]	rows[weknora-t02-4a2b4326-93d6-49ed-84db-54b24eafba30-sub-a|4;weknora-t02-4a2b4326-93d6-49ed-84db-54b24eafba30-sub-b|1;weknora-t02-4a2b4326-93d6-49ed-84db-54b24eafba30-sub-c|4]
2026-09-23T10:30:27Z	subs[1|1;4|2]	payments[failed|2;requires_action|2;succeeded|1]	invoices[1|1|1;5|0|2]	rows[weknora-t02-4a2b4326-93d6-49ed-84db-54b24eafba30-sub-a|4;weknora-t02-4a2b4326-93d6-49ed-84db-54b24eafba30-sub-b|1;weknora-t02-4a2b4326-93d6-49ed-84db-54b24eafba30-sub-c|4]
2026-09-23T10:30:29Z	subs[1|1;4|2]	payments[failed|2;requires_action|2;succeeded|1]	invoices[1|1|1;5|0|2]	rows[weknora-t02-4a2b4326-93d6-49ed-84db-54b24eafba30-sub-a|4;weknora-t02-4a2b4326-93d6-49ed-84db-54b24eafba30-sub-b|1;weknora-t02-4a2b4326-93d6-49ed-84db-54b24eafba30-sub-c|4]
2026-09-23T10:30:32Z	subs[1|1;4|2]	payments[failed|2;requires_action|2;succeeded|1]	invoices[1|1|1;5|0|2]	rows[weknora-t02-4a2b4326-93d6-49ed-84db-54b24eafba30-sub-a|4;weknora-t02-4a2b4326-93d6-49ed-84db-54b24eafba30-sub-b|1;weknora-t02-4a2b4326-93d6-49ed-84db-54b24eafba30-sub-c|4]
2026-09-23T10:30:34Z	subs[1|1;4|2]	payments[failed|2;requires_action|2;succeeded|1]	invoices[1|1|1;5|0|2]	rows[weknora-t02-4a2b4326-93d6-49ed-84db-54b24eafba30-sub-a|4;weknora-t02-4a2b4326-93d6-49ed-84db-54b24eafba30-sub-b|1;weknora-t02-4a2b4326-93d6-49ed-84db-54b24eafba30-sub-c|4]
2026-09-23T10:30:38Z	subs[1|1;4|2]	payments[failed|2;requires_action|2;succeeded|1]	invoices[1|1|1;5|0|2]	rows[weknora-t02-4a2b4326-93d6-49ed-84db-54b24eafba30-sub-a|4;weknora-t02-4a2b4326-93d6-49ed-84db-54b24eafba30-sub-b|1;weknora-t02-4a2b4326-93d6-49ed-84db-54b24eafba30-sub-c|4]
2026-09-23T10:30:41Z	subs[1|1;4|2]	payments[failed|2;requires_action|2;succeeded|1]	invoices[1|1|1;5|0|2]	rows[weknora-t02-4a2b4326-93d6-49ed-84db-54b24eafba30-sub-a|4;weknora-t02-4a2b4326-93d6-49ed-84db-54b24eafba30-sub-b|1;weknora-t02-4a2b4326-93d6-49ed-84db-54b24eafba30-sub-c|4]
2026-09-23T10:30:44Z	subs[1|1;4|2]	payments[failed|2;requires_action|2;succeeded|1]	invoices[1|1|1;5|0|2]	rows[weknora-t02-4a2b4326-93d6-49ed-84db-54b24eafba30-sub-a|4;weknora-t02-4a2b4326-93d6-49ed-84db-54b24eafba30-sub-b|1;weknora-t02-4a2b4326-93d6-49ed-84db-54b24eafba30-sub-c|4]
2026-09-23T10:30:47Z	subs[1|1;4|2]	payments[failed|2;requires_action|2;succeeded|1]	invoices[1|1|1;5|0|2]	rows[weknora-t02-4a2b4326-93d6-49ed-84db-54b24eafba30-sub-a|4;weknora-t02-4a2b4326-93d6-49ed-84db-54b24eafba30-sub-b|1;weknora-t02-4a2b4326-93d6-49ed-84db-54b24eafba30-sub-c|4]
2026-09-23T10:30:50Z	subs[2|1;3|2]	payments[canceled|1;failed|2;requires_action|1;succeeded|1]	invoices[1|1|2;6|0|2]	rows[weknora-t02-4a2b4326-93d6-49ed-84db-54b24eafba30-sub-a|3;weknora-t02-4a2b4326-93d6-49ed-84db-54b24eafba30-sub-b|2;weknora-t02-4a2b4326-93d6-49ed-84db-54b24eafba30-sub-c|3]
2026-09-23T10:30:54Z	subs[2|1;3|2]	payments[canceled|2;failed|2;succeeded|1]	invoices[1|1|2;6|0|2]	rows[weknora-t02-4a2b4326-93d6-49ed-84db-54b24eafba30-sub-a|3;weknora-t02-4a2b4326-93d6-49ed-84db-54b24eafba30-sub-b|2;weknora-t02-4a2b4326-93d6-49ed-84db-54b24eafba30-sub-c|3]
2026-09-23T10:30:57Z	subs[2|1;3|2]	payments[canceled|2;failed|2;succeeded|1]	invoices[1|1|2;6|0|2]	rows[weknora-t02-4a2b4326-93d6-49ed-84db-54b24eafba30-sub-a|3;weknora-t02-4a2b4326-93d6-49ed-84db-54b24eafba30-sub-b|2;weknora-t02-4a2b4326-93d6-49ed-84db-54b24eafba30-sub-c|3]
2026-09-23T10:31:00Z	subs[2|1;3|2]	payments[canceled|2;failed|2;succeeded|1]	invoices[1|1|2;6|0|2]	rows[weknora-t02-4a2b4326-93d6-49ed-84db-54b24eafba30-sub-a|3;weknora-t02-4a2b4326-93d6-49ed-84db-54b24eafba30-sub-b|2;weknora-t02-4a2b4326-93d6-49ed-84db-54b24eafba30-sub-c|3]
2026-09-23T10:31:03Z	subs[2|1;3|2]	payments[canceled|2;failed|2;succeeded|1]	invoices[1|1|2;6|0|2]	rows[weknora-t02-4a2b4326-93d6-49ed-84db-54b24eafba30-sub-a|3;weknora-t02-4a2b4326-93d6-49ed-84db-54b24eafba30-sub-b|2;weknora-t02-4a2b4326-93d6-49ed-84db-54b24eafba30-sub-c|3]
2026-09-23T10:31:06Z	subs[2|1;3|2]	payments[canceled|2;failed|2;succeeded|1]	invoices[1|1|2;6|0|2]	rows[weknora-t02-4a2b4326-93d6-49ed-84db-54b24eafba30-sub-a|3;weknora-t02-4a2b4326-93d6-49ed-84db-54b24eafba30-sub-b|2;weknora-t02-4a2b4326-93d6-49ed-84db-54b24eafba30-sub-c|3]
2026-09-23T10:31:10Z	subs[2|1;3|2]	payments[canceled|2;failed|2;succeeded|1]	invoices[1|1|2;6|0|2]	rows[weknora-t02-4a2b4326-93d6-49ed-84db-54b24eafba30-sub-a|3;weknora-t02-4a2b4326-93d6-49ed-84db-54b24eafba30-sub-b|2;weknora-t02-4a2b4326-93d6-49ed-84db-54b24eafba30-sub-c|3]
2026-09-23T10:31:13Z	subs[2|1;3|2]	payments[canceled|2;failed|2;succeeded|1]	invoices[1|1|2;6|0|2]	rows[weknora-t02-4a2b4326-93d6-49ed-84db-54b24eafba30-sub-a|3;weknora-t02-4a2b4326-93d6-49ed-84db-54b24eafba30-sub-b|2;weknora-t02-4a2b4326-93d6-49ed-84db-54b24eafba30-sub-c|3]
2026-09-23T10:31:16Z	subs[2|1;3|2]	payments[canceled|2;failed|2;succeeded|1]	invoices[1|1|2;6|0|2]	rows[weknora-t02-4a2b4326-93d6-49ed-84db-54b24eafba30-sub-a|3;weknora-t02-4a2b4326-93d6-49ed-84db-54b24eafba30-sub-b|2;weknora-t02-4a2b4326-93d6-49ed-84db-54b24eafba30-sub-c|3]
2026-09-23T10:31:19Z	subs[2|1;3|2]	payments[canceled|2;failed|2;succeeded|1]	invoices[1|1|2;6|0|2]	rows[weknora-t02-4a2b4326-93d6-49ed-84db-54b24eafba30-sub-a|3;weknora-t02-4a2b4326-93d6-49ed-84db-54b24eafba30-sub-b|2;weknora-t02-4a2b4326-93d6-49ed-84db-54b24eafba30-sub-c|3]
2026-09-23T10:31:22Z	subs[2|1;3|2]	payments[canceled|2;failed|2;succeeded|1]	invoices[1|1|2;6|0|2]	rows[weknora-t02-4a2b4326-93d6-49ed-84db-54b24eafba30-sub-a|3;weknora-t02-4a2b4326-93d6-49ed-84db-54b24eafba30-sub-b|2;weknora-t02-4a2b4326-93d6-49ed-84db-54b24eafba30-sub-c|3]
2026-09-23T10:31:24Z	subs[2|1;3|2]	payments[canceled|2;failed|2;succeeded|1]	invoices[1|1|2;6|0|2]	rows[weknora-t02-4a2b4326-93d6-49ed-84db-54b24eafba30-sub-a|3;weknora-t02-4a2b4326-93d6-49ed-84db-54b24eafba30-sub-b|2;weknora-t02-4a2b4326-93d6-49ed-84db-54b24eafba30-sub-c|3]
2026-09-23T10:31:28Z	subs[2|1;3|2]	payments[canceled|2;failed|2;succeeded|1]	invoices[1|1|2;6|0|2]	rows[weknora-t02-4a2b4326-93d6-49ed-84db-54b24eafba30-sub-a|3;weknora-t02-4a2b4326-93d6-49ed-84db-54b24eafba30-sub-b|2;weknora-t02-4a2b4326-93d6-49ed-84db-54b24eafba30-sub-c|3]
2026-09-23T10:31:31Z	subs[2|1;3|2]	payments[canceled|2;failed|2;succeeded|1]	invoices[1|1|2;6|0|2]	rows[weknora-t02-4a2b4326-93d6-49ed-84db-54b24eafba30-sub-a|3;weknora-t02-4a2b4326-93d6-49ed-84db-54b24eafba30-sub-b|2;weknora-t02-4a2b4326-93d6-49ed-84db-54b24eafba30-sub-c|3]
2026-09-23T10:31:34Z	subs[2|1;3|2]	payments[canceled|2;failed|2;succeeded|1]	invoices[1|1|2;6|0|2]	rows[weknora-t02-4a2b4326-93d6-49ed-84db-54b24eafba30-sub-a|3;weknora-t02-4a2b4326-93d6-49ed-84db-54b24eafba30-sub-b|2;weknora-t02-4a2b4326-93d6-49ed-84db-54b24eafba30-sub-c|3]
2026-09-23T10:31:36Z	subs[2|1;3|2]	payments[canceled|2;failed|2;succeeded|1]	invoices[1|1|2;6|0|2]	rows[weknora-t02-4a2b4326-93d6-49ed-84db-54b24eafba30-sub-a|3;weknora-t02-4a2b4326-93d6-49ed-84db-54b24eafba30-sub-b|2;weknora-t02-4a2b4326-93d6-49ed-84db-54b24eafba30-sub-c|3]
2026-09-23T10:31:39Z	subs[2|1;3|2]	payments[canceled|2;failed|2;succeeded|1]	invoices[1|1|2;6|0|2]	rows[weknora-t02-4a2b4326-93d6-49ed-84db-54b24eafba30-sub-a|3;weknora-t02-4a2b4326-93d6-49ed-84db-54b24eafba30-sub-b|2;weknora-t02-4a2b4326-93d6-49ed-84db-54b24eafba30-sub-c|3]
2026-09-23T10:31:42Z	subs[2|1;3|2]	payments[canceled|2;failed|2;succeeded|1]	invoices[1|1|2;6|0|2]	rows[weknora-t02-4a2b4326-93d6-49ed-84db-54b24eafba30-sub-a|3;weknora-t02-4a2b4326-93d6-49ed-84db-54b24eafba30-sub-b|2;weknora-t02-4a2b4326-93d6-49ed-84db-54b24eafba30-sub-c|3]
2026-09-23T10:31:46Z	subs[2|1;3|2]	payments[canceled|2;failed|2;succeeded|1]	invoices[1|1|2;6|0|2]	rows[weknora-t02-4a2b4326-93d6-49ed-84db-54b24eafba30-sub-a|3;weknora-t02-4a2b4326-93d6-49ed-84db-54b24eafba30-sub-b|2;weknora-t02-4a2b4326-93d6-49ed-84db-54b24eafba30-sub-c|3]
2026-09-23T10:31:48Z	subs[2|1;3|2]	payments[canceled|2;failed|2;succeeded|1]	invoices[1|1|2;6|0|2]	rows[weknora-t02-4a2b4326-93d6-49ed-84db-54b24eafba30-sub-a|3;weknora-t02-4a2b4326-93d6-49ed-84db-54b24eafba30-sub-b|2;weknora-t02-4a2b4326-93d6-49ed-84db-54b24eafba30-sub-c|3]
2026-09-23T10:31:52Z	subs[2|1;3|2]	payments[canceled|2;failed|2;succeeded|1]	invoices[1|1|2;6|0|2]	rows[weknora-t02-4a2b4326-93d6-49ed-84db-54b24eafba30-sub-a|3;weknora-t02-4a2b4326-93d6-49ed-84db-54b24eafba30-sub-b|2;weknora-t02-4a2b4326-93d6-49ed-84db-54b24eafba30-sub-c|3]
2026-09-23T10:31:55Z	subs[2|1;3|2]	payments[canceled|2;failed|2;succeeded|1]	invoices[1|1|2;6|0|2]	rows[weknora-t02-4a2b4326-93d6-49ed-84db-54b24eafba30-sub-a|3;weknora-t02-4a2b4326-93d6-49ed-84db-54b24eafba30-sub-b|2;weknora-t02-4a2b4326-93d6-49ed-84db-54b24eafba30-sub-c|3]
2026-09-23T10:31:58Z	subs[2|1;3|2]	payments[canceled|2;failed|2;succeeded|1]	invoices[1|1|2;6|0|2]	rows[weknora-t02-4a2b4326-93d6-49ed-84db-54b24eafba30-sub-a|3;weknora-t02-4a2b4326-93d6-49ed-84db-54b24eafba30-sub-b|2;weknora-t02-4a2b4326-93d6-49ed-84db-54b24eafba30-sub-c|3]
2026-09-23T10:32:01Z	subs[2|1;3|2]	payments[canceled|2;failed|2;succeeded|1]	invoices[1|1|2;6|0|2]	rows[weknora-t02-4a2b4326-93d6-49ed-84db-54b24eafba30-sub-a|3;weknora-t02-4a2b4326-93d6-49ed-84db-54b24eafba30-sub-b|2;weknora-t02-4a2b4326-93d6-49ed-84db-54b24eafba30-sub-c|3]
2026-09-23T10:32:05Z	subs[2|1;3|2]	payments[canceled|2;failed|2;succeeded|1]	invoices[1|1|2;6|0|2]	rows[weknora-t02-4a2b4326-93d6-49ed-84db-54b24eafba30-sub-a|3;weknora-t02-4a2b4326-93d6-49ed-84db-54b24eafba30-sub-b|2;weknora-t02-4a2b4326-93d6-49ed-84db-54b24eafba30-sub-c|3]
2026-09-23T10:32:08Z	subs[2|1;3|2]	payments[canceled|2;failed|2;succeeded|1]	invoices[1|1|2;6|0|2]	rows[weknora-t02-4a2b4326-93d6-49ed-84db-54b24eafba30-sub-a|3;weknora-t02-4a2b4326-93d6-49ed-84db-54b24eafba30-sub-b|2;weknora-t02-4a2b4326-93d6-49ed-84db-54b24eafba30-sub-c|3]
2026-09-23T10:32:11Z	subs[2|1;3|2]	payments[canceled|2;failed|2;succeeded|1]	invoices[1|1|2;6|0|2]	rows[weknora-t02-4a2b4326-93d6-49ed-84db-54b24eafba30-sub-a|3;weknora-t02-4a2b4326-93d6-49ed-84db-54b24eafba30-sub-b|2;weknora-t02-4a2b4326-93d6-49ed-84db-54b24eafba30-sub-c|3]
2026-09-23T10:32:14Z	subs[2|1;3|2]	payments[canceled|2;failed|2;succeeded|1]	invoices[1|1|2;6|0|2]	rows[weknora-t02-4a2b4326-93d6-49ed-84db-54b24eafba30-sub-a|3;weknora-t02-4a2b4326-93d6-49ed-84db-54b24eafba30-sub-b|2;weknora-t02-4a2b4326-93d6-49ed-84db-54b24eafba30-sub-c|3]
2026-09-23T10:32:17Z	subs[2|1;3|2]	payments[canceled|2;failed|2;succeeded|1]	invoices[1|1|2;6|0|2]	rows[weknora-t02-4a2b4326-93d6-49ed-84db-54b24eafba30-sub-a|3;weknora-t02-4a2b4326-93d6-49ed-84db-54b24eafba30-sub-b|2;weknora-t02-4a2b4326-93d6-49ed-84db-54b24eafba30-sub-c|3]
2026-09-23T10:32:21Z	subs[2|1;3|2]	payments[canceled|2;failed|2;succeeded|1]	invoices[1|1|2;6|0|2]	rows[weknora-t02-4a2b4326-93d6-49ed-84db-54b24eafba30-sub-a|3;weknora-t02-4a2b4326-93d6-49ed-84db-54b24eafba30-sub-b|2;weknora-t02-4a2b4326-93d6-49ed-84db-54b24eafba30-sub-c|3]
2026-09-23T10:32:24Z	subs[2|1;3|2]	payments[canceled|2;failed|2;succeeded|1]	invoices[1|1|2;6|0|2]	rows[weknora-t02-4a2b4326-93d6-49ed-84db-54b24eafba30-sub-a|3;weknora-t02-4a2b4326-93d6-49ed-84db-54b24eafba30-sub-b|2;weknora-t02-4a2b4326-93d6-49ed-84db-54b24eafba30-sub-c|3]
2026-09-23T10:32:27Z	subs[2|1;3|2]	payments[canceled|2;failed|2;succeeded|1]	invoices[1|1|2;6|0|2]	rows[weknora-t02-4a2b4326-93d6-49ed-84db-54b24eafba30-sub-a|3;weknora-t02-4a2b4326-93d6-49ed-84db-54b24eafba30-sub-b|2;weknora-t02-4a2b4326-93d6-49ed-84db-54b24eafba30-sub-c|3]
2026-09-23T10:32:30Z	subs[2|1;3|2]	payments[canceled|2;failed|2;succeeded|1]	invoices[1|1|2;6|0|2]	rows[weknora-t02-4a2b4326-93d6-49ed-84db-54b24eafba30-sub-a|3;weknora-t02-4a2b4326-93d6-49ed-84db-54b24eafba30-sub-b|2;weknora-t02-4a2b4326-93d6-49ed-84db-54b24eafba30-sub-c|3]
2026-09-23T10:32:33Z	subs[2|1;3|2]	payments[canceled|2;failed|2;succeeded|1]	invoices[1|1|2;6|0|2]	rows[weknora-t02-4a2b4326-93d6-49ed-84db-54b24eafba30-sub-a|3;weknora-t02-4a2b4326-93d6-49ed-84db-54b24eafba30-sub-b|2;weknora-t02-4a2b4326-93d6-49ed-84db-54b24eafba30-sub-c|3]
2026-09-23T10:32:36Z	subs[2|1;3|2]	payments[canceled|2;failed|2;succeeded|1]	invoices[1|1|2;6|0|2]	rows[weknora-t02-4a2b4326-93d6-49ed-84db-54b24eafba30-sub-a|3;weknora-t02-4a2b4326-93d6-49ed-84db-54b24eafba30-sub-b|2;weknora-t02-4a2b4326-93d6-49ed-84db-54b24eafba30-sub-c|3]
2026-09-23T10:32:38Z	subs[2|1;3|2]	payments[canceled|2;failed|2;succeeded|1]	invoices[1|1|2;6|0|2]	rows[weknora-t02-4a2b4326-93d6-49ed-84db-54b24eafba30-sub-a|3;weknora-t02-4a2b4326-93d6-49ed-84db-54b24eafba30-sub-b|2;weknora-t02-4a2b4326-93d6-49ed-84db-54b24eafba30-sub-c|3]
2026-09-23T10:32:41Z	subs[2|1;3|2]	payments[canceled|2;failed|2;succeeded|1]	invoices[1|1|2;6|0|2]	rows[weknora-t02-4a2b4326-93d6-49ed-84db-54b24eafba30-sub-a|3;weknora-t02-4a2b4326-93d6-49ed-84db-54b24eafba30-sub-b|2;weknora-t02-4a2b4326-93d6-49ed-84db-54b24eafba30-sub-c|3]
2026-09-23T10:32:43Z	subs[2|1;3|2]	payments[canceled|2;failed|2;succeeded|1]	invoices[1|1|2;6|0|2]	rows[weknora-t02-4a2b4326-93d6-49ed-84db-54b24eafba30-sub-a|3;weknora-t02-4a2b4326-93d6-49ed-84db-54b24eafba30-sub-b|2;weknora-t02-4a2b4326-93d6-49ed-84db-54b24eafba30-sub-c|3]
2026-09-23T10:32:46Z	subs[2|1;3|2]	payments[canceled|2;failed|2;succeeded|1]	invoices[1|1|2;6|0|2]	rows[weknora-t02-4a2b4326-93d6-49ed-84db-54b24eafba30-sub-a|3;weknora-t02-4a2b4326-93d6-49ed-84db-54b24eafba30-sub-b|2;weknora-t02-4a2b4326-93d6-49ed-84db-54b24eafba30-sub-c|3]
2026-09-23T10:32:48Z	subs[2|1;3|2]	payments[canceled|2;failed|2;succeeded|1]	invoices[1|1|2;6|0|2]	rows[weknora-t02-4a2b4326-93d6-49ed-84db-54b24eafba30-sub-a|3;weknora-t02-4a2b4326-93d6-49ed-84db-54b24eafba30-sub-b|2;weknora-t02-4a2b4326-93d6-49ed-84db-54b24eafba30-sub-c|3]
2026-09-23T10:32:51Z	subs[2|1;3|2]	payments[canceled|2;failed|2;succeeded|1]	invoices[1|1|2;6|0|2]	rows[weknora-t02-4a2b4326-93d6-49ed-84db-54b24eafba30-sub-a|3;weknora-t02-4a2b4326-93d6-49ed-84db-54b24eafba30-sub-b|2;weknora-t02-4a2b4326-93d6-49ed-84db-54b24eafba30-sub-c|3]
2026-09-23T10:32:53Z	subs[2|1;3|2]	payments[canceled|2;failed|2;succeeded|1]	invoices[1|1|2;6|0|2]	rows[weknora-t02-4a2b4326-93d6-49ed-84db-54b24eafba30-sub-a|3;weknora-t02-4a2b4326-93d6-49ed-84db-54b24eafba30-sub-b|2;weknora-t02-4a2b4326-93d6-49ed-84db-54b24eafba30-sub-c|3]
2026-09-23T10:32:56Z	subs[2|1;3|2]	payments[canceled|2;failed|2;succeeded|1]	invoices[1|1|2;6|0|2]	rows[weknora-t02-4a2b4326-93d6-49ed-84db-54b24eafba30-sub-a|3;weknora-t02-4a2b4326-93d6-49ed-84db-54b24eafba30-sub-b|2;weknora-t02-4a2b4326-93d6-49ed-84db-54b24eafba30-sub-c|3]
2026-09-23T10:32:58Z	subs[2|1;3|2]	payments[canceled|2;failed|2;succeeded|1]	invoices[1|1|2;6|0|2]	rows[weknora-t02-4a2b4326-93d6-49ed-84db-54b24eafba30-sub-a|3;weknora-t02-4a2b4326-93d6-49ed-84db-54b24eafba30-sub-b|2;weknora-t02-4a2b4326-93d6-49ed-84db-54b24eafba30-sub-c|3]
2026-09-23T10:33:00Z	subs[2|1;3|2]	payments[canceled|2;failed|2;succeeded|1]	invoices[1|1|2;6|0|2]	rows[weknora-t02-4a2b4326-93d6-49ed-84db-54b24eafba30-sub-a|3;weknora-t02-4a2b4326-93d6-49ed-84db-54b24eafba30-sub-b|2;weknora-t02-4a2b4326-93d6-49ed-84db-54b24eafba30-sub-c|3]
2026-09-23T10:33:03Z	subs[2|1;3|2]	payments[canceled|2;failed|2;succeeded|1]	invoices[1|1|2;6|0|2]	rows[weknora-t02-4a2b4326-93d6-49ed-84db-54b24eafba30-sub-a|3;weknora-t02-4a2b4326-93d6-49ed-84db-54b24eafba30-sub-b|2;weknora-t02-4a2b4326-93d6-49ed-84db-54b24eafba30-sub-c|3]
2026-09-23T10:33:06Z	subs[2|1;3|2]	payments[canceled|2;failed|2;succeeded|1]	invoices[1|1|2;6|0|2]	rows[weknora-t02-4a2b4326-93d6-49ed-84db-54b24eafba30-sub-a|3;weknora-t02-4a2b4326-93d6-49ed-84db-54b24eafba30-sub-b|2;weknora-t02-4a2b4326-93d6-49ed-84db-54b24eafba30-sub-c|3]
2026-09-23T10:33:08Z	subs[2|1;3|2]	payments[canceled|2;failed|2;succeeded|1]	invoices[1|1|2;6|0|2]	rows[weknora-t02-4a2b4326-93d6-49ed-84db-54b24eafba30-sub-a|3;weknora-t02-4a2b4326-93d6-49ed-84db-54b24eafba30-sub-b|2;weknora-t02-4a2b4326-93d6-49ed-84db-54b24eafba30-sub-c|3]
2026-09-23T10:33:11Z	subs[2|1;3|2]	payments[canceled|2;failed|2;succeeded|1]	invoices[1|1|2;6|0|2]	rows[weknora-t02-4a2b4326-93d6-49ed-84db-54b24eafba30-sub-a|3;weknora-t02-4a2b4326-93d6-49ed-84db-54b24eafba30-sub-b|2;weknora-t02-4a2b4326-93d6-49ed-84db-54b24eafba30-sub-c|3]
2026-09-23T10:33:13Z	subs[2|1;3|2]	payments[canceled|2;failed|2;succeeded|1]	invoices[1|1|2;6|0|2]	rows[weknora-t02-4a2b4326-93d6-49ed-84db-54b24eafba30-sub-a|3;weknora-t02-4a2b4326-93d6-49ed-84db-54b24eafba30-sub-b|2;weknora-t02-4a2b4326-93d6-49ed-84db-54b24eafba30-sub-c|3]
2026-09-23T10:33:15Z	subs[2|1;3|2]	payments[canceled|2;failed|2;succeeded|1]	invoices[1|1|2;6|0|2]	rows[weknora-t02-4a2b4326-93d6-49ed-84db-54b24eafba30-sub-a|3;weknora-t02-4a2b4326-93d6-49ed-84db-54b24eafba30-sub-b|2;weknora-t02-4a2b4326-93d6-49ed-84db-54b24eafba30-sub-c|3]
2026-09-23T10:33:18Z	subs[2|1;3|2]	payments[canceled|2;failed|2;succeeded|1]	invoices[1|1|2;6|0|2]	rows[weknora-t02-4a2b4326-93d6-49ed-84db-54b24eafba30-sub-a|3;weknora-t02-4a2b4326-93d6-49ed-84db-54b24eafba30-sub-b|2;weknora-t02-4a2b4326-93d6-49ed-84db-54b24eafba30-sub-c|3]
2026-09-23T10:33:20Z	subs[2|1;3|2]	payments[canceled|2;failed|2;succeeded|1]	invoices[1|1|2;6|0|2]	rows[weknora-t02-4a2b4326-93d6-49ed-84db-54b24eafba30-sub-a|3;weknora-t02-4a2b4326-93d6-49ed-84db-54b24eafba30-sub-b|2;weknora-t02-4a2b4326-93d6-49ed-84db-54b24eafba30-sub-c|3]
2026-09-23T10:33:22Z	subs[2|1;3|2]	payments[canceled|2;failed|2;succeeded|1]	invoices[1|1|2;6|0|2]	rows[weknora-t02-4a2b4326-93d6-49ed-84db-54b24eafba30-sub-a|3;weknora-t02-4a2b4326-93d6-49ed-84db-54b24eafba30-sub-b|2;weknora-t02-4a2b4326-93d6-49ed-84db-54b24eafba30-sub-c|3]
2026-09-23T10:33:25Z	subs[2|1;3|2]	payments[canceled|2;failed|2;succeeded|1]	invoices[1|1|2;6|0|2]	rows[weknora-t02-4a2b4326-93d6-49ed-84db-54b24eafba30-sub-a|3;weknora-t02-4a2b4326-93d6-49ed-84db-54b24eafba30-sub-b|2;weknora-t02-4a2b4326-93d6-49ed-84db-54b24eafba30-sub-c|3]
2026-09-23T10:33:27Z	subs[2|1;3|2]	payments[canceled|2;failed|2;succeeded|1]	invoices[1|1|2;6|0|2]	rows[weknora-t02-4a2b4326-93d6-49ed-84db-54b24eafba30-sub-a|3;weknora-t02-4a2b4326-93d6-49ed-84db-54b24eafba30-sub-b|2;weknora-t02-4a2b4326-93d6-49ed-84db-54b24eafba30-sub-c|3]
2026-09-23T10:33:29Z	subs[2|1;3|2]	payments[canceled|2;failed|2;succeeded|1]	invoices[1|1|2;6|0|2]	rows[weknora-t02-4a2b4326-93d6-49ed-84db-54b24eafba30-sub-a|3;weknora-t02-4a2b4326-93d6-49ed-84db-54b24eafba30-sub-b|2;weknora-t02-4a2b4326-93d6-49ed-84db-54b24eafba30-sub-c|3]
2026-09-23T10:33:32Z	subs[2|1;3|2]	payments[canceled|2;failed|2;succeeded|1]	invoices[1|1|2;6|0|2]	rows[weknora-t02-4a2b4326-93d6-49ed-84db-54b24eafba30-sub-a|3;weknora-t02-4a2b4326-93d6-49ed-84db-54b24eafba30-sub-b|2;weknora-t02-4a2b4326-93d6-49ed-84db-54b24eafba30-sub-c|3]
